{"type":"FeatureCollection","source":"Australian Bureau of Statistics, ASGS 2021 State and Territory boundaries","sourceUrl":"https://geo.abs.gov.au/arcgis/rest/services/ASGS2021/STE/MapServer/0/query?where=state_code_2021%3D%271%27&outFields=state_name_2021&returnGeometry=true&outSR=4326&maxAllowableOffset=0.00005&geometryPrecision=6&f=geojson","license":"CC BY 4.0; https://www.abs.gov.au/website-privacy-copyright-and-disclaimer","description":"Shared QLD–NSW land border from Cameron Corner to Point Danger, extended across service coverage to retain river and coastal water. Derived from the northern arc of the largest NSW mainland ring; not a full state boundary.","features":[{"type":"Feature","properties":{"name":"NSW service coverage south of the QLD border"},"geometry":{"type":"Polygon","coordinates":[[[140.99,-28.9991],[140.999265,-28.9991],[141.199998,-28.999029],[141.373948,-28.999068],[141.590849,-28.998961],[141.639196,-28.999085],[141.699994,-28.999094],[142.910833,-28.999047],[143.000854,-28.998906],[143.226118,-28.999061],[143.599976,-28.999055],[143.948103,-28.99918],[144.41535,-28.99909],[146.164165,-28.999108],[146.577017,-28.999044],[146.824649,-28.999135],[147.718622,-28.99917],[148.958089,-28.999064],[148.958352,-28.998516],[148.958906,-28.997943],[148.959446,-28.997718],[148.960005,-28.99761],[148.960903,-28.997566],[148.961372,-28.997377],[148.961637,-28.996883],[148.962019,-28.996658],[148.962938,-28.996478],[148.96322,-28.99631],[148.9634,-28.996063],[148.963601,-28.995358],[148.963995,-28.994839],[148.964385,-28.994411],[148.964893,-28.994083],[148.965352,-28.993926],[148.965576,-28.993643],[148.965643,-28.993403],[148.965514,-28.993107],[148.9652,-28.992875],[148.963504,-28.991991],[148.96341,-28.991686],[148.963705,-28.991524],[148.965318,-28.991105],[148.965894,-28.991076],[148.96679,-28.991482],[148.967103,-28.991437],[148.967364,-28.991214],[148.96741,-28.990682],[148.967166,-28.990081],[148.967236,-28.989724],[148.968159,-28.988956],[148.968801,-28.988541],[148.969029,-28.988273],[148.969026,-28.988032],[148.968908,-28.987811],[148.96842,-28.987367],[148.968144,-28.987222],[148.967122,-28.98712],[148.966204,-28.986562],[148.965971,-28.986216],[148.965996,-28.985851],[148.966165,-28.985676],[148.966443,-28.985624],[148.96779,-28.986043],[148.968627,-28.986223],[148.969061,-28.986206],[148.970469,-28.98586],[148.970867,-28.985615],[148.971111,-28.985329],[148.971228,-28.984958],[148.971131,-28.984092],[148.971374,-28.983452],[148.971279,-28.983229],[148.970864,-28.983084],[148.970578,-28.982565],[148.970548,-28.982348],[148.971072,-28.98074],[148.971397,-28.979997],[148.971346,-28.978697],[148.97146,-28.978451],[148.971717,-28.978291],[148.972251,-28.978257],[148.972655,-28.978364],[148.973006,-28.978532],[148.973347,-28.978827],[148.973706,-28.978868],[148.974469,-28.978697],[148.974729,-28.978461],[148.975345,-28.977372],[148.975538,-28.976733],[148.975736,-28.976512],[148.976602,-28.976339],[148.977013,-28.976142],[148.977483,-28.975737],[148.97797,-28.975475],[148.978353,-28.975484],[148.97902,-28.975833],[148.979157,-28.975826],[148.979377,-28.97567],[148.981165,-28.97534],[148.981657,-28.975489],[148.982229,-28.975793],[148.982369,-28.976017],[148.982444,-28.976382],[148.982779,-28.976683],[148.983188,-28.976705],[148.983865,-28.976567],[148.984369,-28.976183],[148.984831,-28.975693],[148.985474,-28.974447],[148.985661,-28.974302],[148.986355,-28.974135],[148.986656,-28.974153],[148.987246,-28.97436],[148.987886,-28.975111],[148.989016,-28.975809],[148.990383,-28.976012],[148.990722,-28.975903],[148.99105,-28.975632],[148.991152,-28.975259],[148.990873,-28.97481],[148.990091,-28.974279],[148.990434,-28.973626],[148.990511,-28.973285],[148.990512,-28.972924],[148.990355,-28.972266],[148.990405,-28.971978],[148.990681,-28.971599],[148.991225,-28.971384],[148.992032,-28.971428],[148.992945,-28.971594],[148.993552,-28.971815],[148.994407,-28.972388],[148.995124,-28.972708],[148.996104,-28.972871],[148.996803,-28.972844],[148.997125,-28.972752],[148.997462,-28.972517],[148.99842,-28.971546],[148.998908,-28.971393],[148.99971,-28.97085],[148.999919,-28.970459],[148.999712,-28.969692],[148.999762,-28.969592],[148.999868,-28.96951],[149.000911,-28.969488],[149.002207,-28.96893],[149.003127,-28.968325],[149.004036,-28.967285],[149.004508,-28.966328],[149.004553,-28.965992],[149.005138,-28.965096],[149.005431,-28.964451],[149.005392,-28.964117],[149.005034,-28.963403],[149.004586,-28.962924],[149.004355,-28.962436],[149.004275,-28.961994],[149.004362,-28.961209],[149.004453,-28.960916],[149.004706,-28.960608],[149.00537,-28.960157],[149.00628,-28.959828],[149.006727,-28.95976],[149.007112,-28.959751],[149.007888,-28.959913],[149.009271,-28.959801],[149.009517,-28.959859],[149.010098,-28.960311],[149.010617,-28.960183],[149.010778,-28.960002],[149.010958,-28.959366],[149.011165,-28.958991],[149.011731,-28.958567],[149.011774,-28.958275],[149.011385,-28.958115],[149.010226,-28.958146],[149.009842,-28.958249],[149.009626,-28.958427],[149.009276,-28.95854],[149.008773,-28.958535],[149.008276,-28.958293],[149.008049,-28.958056],[149.008041,-28.957728],[149.008891,-28.95711],[149.00905,-28.956888],[149.010713,-28.95604],[149.011166,-28.955649],[149.01162,-28.955479],[149.012113,-28.955493],[149.012514,-28.955761],[149.013086,-28.95659],[149.01343,-28.957369],[149.013676,-28.957533],[149.014284,-28.957668],[149.015032,-28.957704],[149.015452,-28.957572],[149.01571,-28.957371],[149.01574,-28.956917],[149.016029,-28.956589],[149.016385,-28.956495],[149.016852,-28.956513],[149.017304,-28.956754],[149.017532,-28.957034],[149.017663,-28.957499],[149.017625,-28.957919],[149.017736,-28.958167],[149.017941,-28.958356],[149.018404,-28.958482],[149.018661,-28.958658],[149.018894,-28.959128],[149.01944,-28.95936],[149.019948,-28.959359],[149.020186,-28.959229],[149.020206,-28.959001],[149.019928,-28.958541],[149.01994,-28.958211],[149.020463,-28.957461],[149.021103,-28.957038],[149.021518,-28.956932],[149.022785,-28.956887],[149.023366,-28.956339],[149.023914,-28.956017],[149.024587,-28.955893],[149.025277,-28.955616],[149.026273,-28.955002],[149.027074,-28.95482],[149.027801,-28.954488],[149.027983,-28.954479],[149.02865,-28.954861],[149.028879,-28.954914],[149.029671,-28.955421],[149.029894,-28.955751],[149.029909,-28.956063],[149.02974,-28.956487],[149.029855,-28.956962],[149.030042,-28.957176],[149.03034,-28.957301],[149.030692,-28.957299],[149.03115,-28.95717],[149.031603,-28.956883],[149.031878,-28.956599],[149.032045,-28.956236],[149.032751,-28.955372],[149.032868,-28.954511],[149.033051,-28.953971],[149.0338,-28.953356],[149.034,-28.95332],[149.034363,-28.953038],[149.034535,-28.952817],[149.034483,-28.952531],[149.034323,-28.952301],[149.033441,-28.952227],[149.033288,-28.952144],[149.033171,-28.951928],[149.033175,-28.95165],[149.033491,-28.951392],[149.034461,-28.951009],[149.035222,-28.950116],[149.035491,-28.949474],[149.03566,-28.949277],[149.035956,-28.949136],[149.036163,-28.94866],[149.035988,-28.94824],[149.034846,-28.948064],[149.034524,-28.947839],[149.034355,-28.947594],[149.034322,-28.946315],[149.034631,-28.945538],[149.034762,-28.94539],[149.035196,-28.94526],[149.035852,-28.94527],[149.036111,-28.945055],[149.036219,-28.944538],[149.036185,-28.944135],[149.03636,-28.943901],[149.036587,-28.943761],[149.037839,-28.943605],[149.038715,-28.94295],[149.038934,-28.94284],[149.039705,-28.942707],[149.039933,-28.942597],[149.040124,-28.942368],[149.040093,-28.941883],[149.039888,-28.941647],[149.038989,-28.941086],[149.038868,-28.940882],[149.038904,-28.940771],[149.039694,-28.940651],[149.039808,-28.940509],[149.03979,-28.940181],[149.03959,-28.940063],[149.039017,-28.939971],[149.038752,-28.939771],[149.038493,-28.939385],[149.038469,-28.93908],[149.038661,-28.938867],[149.039085,-28.938774],[149.040555,-28.939066],[149.041437,-28.939322],[149.041737,-28.9395],[149.042265,-28.939612],[149.042707,-28.939579],[149.043016,-28.939452],[149.043382,-28.938937],[149.043569,-28.938126],[149.043469,-28.937866],[149.042771,-28.9376],[149.042563,-28.937448],[149.042494,-28.937271],[149.042571,-28.937099],[149.043075,-28.936771],[149.04371,-28.936073],[149.04375,-28.935594],[149.043368,-28.934946],[149.043351,-28.934778],[149.043458,-28.934563],[149.043627,-28.934462],[149.043845,-28.934467],[149.044383,-28.934626],[149.044614,-28.934839],[149.044923,-28.934939],[149.045467,-28.934805],[149.045623,-28.93458],[149.045621,-28.934371],[149.045316,-28.934083],[149.045172,-28.933676],[149.045647,-28.932683],[149.045728,-28.932238],[149.045597,-28.931496],[149.045345,-28.931274],[149.045086,-28.93117],[149.044614,-28.931163],[149.042951,-28.93164],[149.042663,-28.931636],[149.042382,-28.931517],[149.042315,-28.931369],[149.042337,-28.931166],[149.042815,-28.930751],[149.043201,-28.930283],[149.043339,-28.92998],[149.043295,-28.929642],[149.042954,-28.928901],[149.04319,-28.928297],[149.043094,-28.928046],[149.042739,-28.927583],[149.042589,-28.927142],[149.042621,-28.9269],[149.04295,-28.926604],[149.043472,-28.926406],[149.045822,-28.925873],[149.046622,-28.925486],[149.047107,-28.925044],[149.047264,-28.924545],[149.046976,-28.923587],[149.047483,-28.922382],[149.04745,-28.922102],[149.047258,-28.921842],[149.046851,-28.921551],[149.046428,-28.921375],[149.045516,-28.921308],[149.045119,-28.92115],[149.044897,-28.920793],[149.044988,-28.920557],[149.046112,-28.919892],[149.04641,-28.91987],[149.04713,-28.920076],[149.047344,-28.92002],[149.047515,-28.919861],[149.047671,-28.919413],[149.047474,-28.918317],[149.047538,-28.917841],[149.047867,-28.917385],[149.047851,-28.916981],[149.048532,-28.916188],[149.048907,-28.91611],[149.049149,-28.916149],[149.049378,-28.916293],[149.050107,-28.917523],[149.050413,-28.917761],[149.050778,-28.91771],[149.050988,-28.917508],[149.052118,-28.915413],[149.054975,-28.911932],[149.055406,-28.911666],[149.055704,-28.911628],[149.056423,-28.911857],[149.057008,-28.911891],[149.05736,-28.911805],[149.058053,-28.911364],[149.058425,-28.910973],[149.058674,-28.909415],[149.05861,-28.908153],[149.058682,-28.907826],[149.058397,-28.907416],[149.057673,-28.906789],[149.056882,-28.905724],[149.0569,-28.905416],[149.057193,-28.905022],[149.057437,-28.904924],[149.057617,-28.904743],[149.057857,-28.904255],[149.057824,-28.903988],[149.057597,-28.903551],[149.056871,-28.902967],[149.056142,-28.902577],[149.055818,-28.902271],[149.055699,-28.901909],[149.055697,-28.901436],[149.056048,-28.900111],[149.056286,-28.899749],[149.056581,-28.899443],[149.056948,-28.899264],[149.057314,-28.898938],[149.057702,-28.898808],[149.057948,-28.898584],[149.058323,-28.898064],[149.058635,-28.897054],[149.0598,-28.895911],[149.060112,-28.895341],[149.060439,-28.894944],[149.060615,-28.894608],[149.060614,-28.894384],[149.060258,-28.894047],[149.060026,-28.894005],[149.059528,-28.894132],[149.059196,-28.894427],[149.058965,-28.894427],[149.057835,-28.893934],[149.057693,-28.8938],[149.057662,-28.893636],[149.058642,-28.892522],[149.058626,-28.892283],[149.058836,-28.892109],[149.059285,-28.891941],[149.059864,-28.891242],[149.060159,-28.891011],[149.060818,-28.890085],[149.061057,-28.889971],[149.062287,-28.889796],[149.062761,-28.889656],[149.063437,-28.88966],[149.063794,-28.889572],[149.063976,-28.8894],[149.064031,-28.889114],[149.063707,-28.888475],[149.063821,-28.887795],[149.063721,-28.887327],[149.063382,-28.886992],[149.063106,-28.887008],[149.062255,-28.887537],[149.061827,-28.887606],[149.061413,-28.887784],[149.061056,-28.887793],[149.060562,-28.887727],[149.060247,-28.887515],[149.060128,-28.886736],[149.059859,-28.886323],[149.059502,-28.885961],[149.059086,-28.885817],[149.058653,-28.885841],[149.058317,-28.886012],[149.057471,-28.886847],[149.056816,-28.887109],[149.056322,-28.887126],[149.054869,-28.886445],[149.054554,-28.886238],[149.054515,-28.886012],[149.054709,-28.885156],[149.05502,-28.884385],[149.056485,-28.881929],[149.05775,-28.880461],[149.059172,-28.879373],[149.059742,-28.879056],[149.060996,-28.87854],[149.061321,-28.878518],[149.062749,-28.878734],[149.063046,-28.878705],[149.063535,-28.878467],[149.063749,-28.878246],[149.063881,-28.877865],[149.064571,-28.876975],[149.065121,-28.876098],[149.065439,-28.875426],[149.06591,-28.874124],[149.066009,-28.873652],[149.06639,-28.872792],[149.066644,-28.872538],[149.066976,-28.872575],[149.068146,-28.873058],[149.068494,-28.873055],[149.069257,-28.872719],[149.070575,-28.871627],[149.070685,-28.87135],[149.070245,-28.870845],[149.070111,-28.870263],[149.070297,-28.869821],[149.071251,-28.868283],[149.071937,-28.867394],[149.072093,-28.866739],[149.072321,-28.866274],[149.072432,-28.865757],[149.072428,-28.865547],[149.072271,-28.865234],[149.072338,-28.864797],[149.072101,-28.864528],[149.072316,-28.863821],[149.072503,-28.8636],[149.072959,-28.863325],[149.073368,-28.862897],[149.07364,-28.862426],[149.07354,-28.861581],[149.074118,-28.860777],[149.07429,-28.860665],[149.074784,-28.86073],[149.074944,-28.860621],[149.075292,-28.859791],[149.075221,-28.85941],[149.075323,-28.85925],[149.07584,-28.859022],[149.077311,-28.858599],[149.077608,-28.858658],[149.077895,-28.858946],[149.078371,-28.859077],[149.078844,-28.859003],[149.080038,-28.858173],[149.080188,-28.857901],[149.080277,-28.857441],[149.080087,-28.857228],[149.079732,-28.857123],[149.0796,-28.856912],[149.079372,-28.855911],[149.079716,-28.854102],[149.079632,-28.852517],[149.079411,-28.852089],[149.079115,-28.851735],[149.079132,-28.851555],[149.079401,-28.851291],[149.079496,-28.851015],[149.079345,-28.850674],[149.079396,-28.849985],[149.079666,-28.849775],[149.080055,-28.849087],[149.080067,-28.848756],[149.080471,-28.848308],[149.080796,-28.847797],[149.081171,-28.846955],[149.081138,-28.846281],[149.080571,-28.845111],[149.080421,-28.844689],[149.080386,-28.844206],[149.080254,-28.843976],[149.080051,-28.843846],[149.080033,-28.843473],[149.080529,-28.841999],[149.080688,-28.841886],[149.080949,-28.841859],[149.081156,-28.841937],[149.081478,-28.842242],[149.081668,-28.842786],[149.082328,-28.843134],[149.083531,-28.842695],[149.084485,-28.842576],[149.086113,-28.841992],[149.086413,-28.841593],[149.0861,-28.840611],[149.086591,-28.838919],[149.086854,-28.83838],[149.087335,-28.837992],[149.088562,-28.837454],[149.089923,-28.837303],[149.090223,-28.8372],[149.0908,-28.836421],[149.090973,-28.836034],[149.091697,-28.835281],[149.092241,-28.834499],[149.092637,-28.834108],[149.093378,-28.833639],[149.093758,-28.833484],[149.094154,-28.833506],[149.094464,-28.833592],[149.094814,-28.833807],[149.095476,-28.834344],[149.095753,-28.834395],[149.096259,-28.834329],[149.096425,-28.834167],[149.096459,-28.833655],[149.096413,-28.83339],[149.09606,-28.832719],[149.096097,-28.832213],[149.096448,-28.831774],[149.09678,-28.831563],[149.097151,-28.831599],[149.097725,-28.831832],[149.098141,-28.832141],[149.098374,-28.832503],[149.098655,-28.83344],[149.099153,-28.834158],[149.099364,-28.834222],[149.099587,-28.834151],[149.100462,-28.832822],[149.101021,-28.832388],[149.101231,-28.832391],[149.101848,-28.832713],[149.102693,-28.833399],[149.102947,-28.833685],[149.103355,-28.834405],[149.103419,-28.834698],[149.103363,-28.83503],[149.103133,-28.835476],[149.103205,-28.836525],[149.103105,-28.836674],[149.102557,-28.836949],[149.102409,-28.837241],[149.102736,-28.838154],[149.103224,-28.83859],[149.103476,-28.838549],[149.103604,-28.838424],[149.10406,-28.837748],[149.105237,-28.837032],[149.107212,-28.83497],[149.107681,-28.834666],[149.108233,-28.833961],[149.109048,-28.83316],[149.109254,-28.83314],[149.110022,-28.833734],[149.110175,-28.83368],[149.110524,-28.833279],[149.110714,-28.833218],[149.110903,-28.833302],[149.111049,-28.833591],[149.110938,-28.834108],[149.111076,-28.834401],[149.111306,-28.834507],[149.111661,-28.834494],[149.111932,-28.83426],[149.112172,-28.833916],[149.112201,-28.833345],[149.112415,-28.832809],[149.112774,-28.832418],[149.113144,-28.832248],[149.113178,-28.832026],[149.113053,-28.831574],[149.113082,-28.831052],[149.112851,-28.830812],[149.112547,-28.830726],[149.112266,-28.830833],[149.111875,-28.831525],[149.111631,-28.83158],[149.111353,-28.831499],[149.111077,-28.83122],[149.110999,-28.830881],[149.111237,-28.830537],[149.111584,-28.830191],[149.111909,-28.830022],[149.112525,-28.82995],[149.113382,-28.83001],[149.113999,-28.830596],[149.115384,-28.831175],[149.115719,-28.831078],[149.116207,-28.830658],[149.116791,-28.830409],[149.118396,-28.829494],[149.118805,-28.829378],[149.119252,-28.829472],[149.119704,-28.829665],[149.119896,-28.829899],[149.119854,-28.830143],[149.119123,-28.830841],[149.117878,-28.831669],[149.117466,-28.83223],[149.117518,-28.832404],[149.118195,-28.833291],[149.118674,-28.833316],[149.119288,-28.832959],[149.119577,-28.8329],[149.120716,-28.832895],[149.120933,-28.832568],[149.120894,-28.832118],[149.121086,-28.831778],[149.12142,-28.831567],[149.121675,-28.83168],[149.122717,-28.832455],[149.123034,-28.832932],[149.123056,-28.833142],[149.122942,-28.8333],[149.122193,-28.833211],[149.122014,-28.833253],[149.121892,-28.8334],[149.121919,-28.833649],[149.122316,-28.83434],[149.12267,-28.834422],[149.124046,-28.833153],[149.124345,-28.833041],[149.124497,-28.833087],[149.12537,-28.833808],[149.125598,-28.834754],[149.125696,-28.834872],[149.126259,-28.835068],[149.126574,-28.835323],[149.127056,-28.835341],[149.127594,-28.83554],[149.127873,-28.835535],[149.128197,-28.8349],[149.128318,-28.83435],[149.128283,-28.833733],[149.127571,-28.83216],[149.127597,-28.8319],[149.127799,-28.831619],[149.128224,-28.831405],[149.128568,-28.831471],[149.129205,-28.832127],[149.129501,-28.832265],[149.129685,-28.832229],[149.129968,-28.831956],[149.130147,-28.831897],[149.130472,-28.831915],[149.131107,-28.832213],[149.131342,-28.832227],[149.131615,-28.832115],[149.131943,-28.831793],[149.132003,-28.831572],[149.131927,-28.831384],[149.131649,-28.831136],[149.130553,-28.830667],[149.130478,-28.830511],[149.130792,-28.829625],[149.131049,-28.82941],[149.131316,-28.829303],[149.131636,-28.829311],[149.132522,-28.829681],[149.132788,-28.829741],[149.133031,-28.829699],[149.133195,-28.829546],[149.13331,-28.828863],[149.133441,-28.828701],[149.133811,-28.828683],[149.134232,-28.829097],[149.134713,-28.829205],[149.134941,-28.829153],[149.135156,-28.828996],[149.135816,-28.828079],[149.135981,-28.82801],[149.136382,-28.828074],[149.136993,-28.828621],[149.137293,-28.828678],[149.137595,-28.828492],[149.137747,-28.8283],[149.138948,-28.827954],[149.139297,-28.827564],[149.139348,-28.827224],[149.139284,-28.82678],[149.139155,-28.826517],[149.138538,-28.825938],[149.138477,-28.82577],[149.138546,-28.825612],[149.138896,-28.825322],[149.139319,-28.825132],[149.139881,-28.825059],[149.140459,-28.824717],[149.141023,-28.824254],[149.141574,-28.824195],[149.142306,-28.824248],[149.14256,-28.824171],[149.142529,-28.823576],[149.142614,-28.823357],[149.142754,-28.823138],[149.143405,-28.822569],[149.143519,-28.82234],[149.143502,-28.822093],[149.143174,-28.821753],[149.142894,-28.821722],[149.142637,-28.821794],[149.142325,-28.822052],[149.142051,-28.822159],[149.14089,-28.822416],[149.140354,-28.822172],[149.140281,-28.821962],[149.140659,-28.821675],[149.141647,-28.820437],[149.142136,-28.820545],[149.142586,-28.820771],[149.143115,-28.821182],[149.143275,-28.82117],[149.143541,-28.82082],[149.143774,-28.820141],[149.144207,-28.819821],[149.144546,-28.818921],[149.144511,-28.818511],[149.144396,-28.818325],[149.144223,-28.818229],[149.144047,-28.81824],[149.14391,-28.818346],[149.143453,-28.818875],[149.143017,-28.819067],[149.142446,-28.819211],[149.142246,-28.819195],[149.142149,-28.819075],[149.142334,-28.818323],[149.142826,-28.817496],[149.142577,-28.816531],[149.142037,-28.815688],[149.142021,-28.815279],[149.141853,-28.815052],[149.141523,-28.814916],[149.14116,-28.8149],[149.140862,-28.815061],[149.140758,-28.815233],[149.140846,-28.816108],[149.140729,-28.816225],[149.139969,-28.815972],[149.13925,-28.815977],[149.139001,-28.815873],[149.138917,-28.815682],[149.139047,-28.815446],[149.13939,-28.81537],[149.13963,-28.815224],[149.140176,-28.814579],[149.140441,-28.814389],[149.140521,-28.814199],[149.140499,-28.813869],[149.140354,-28.81367],[149.139498,-28.813569],[149.139204,-28.813452],[149.138654,-28.812807],[149.138205,-28.812512],[149.138216,-28.812267],[149.138348,-28.812113],[149.138581,-28.812119],[149.138988,-28.812343],[149.139338,-28.812379],[149.139582,-28.812231],[149.139773,-28.811535],[149.139544,-28.811174],[149.139593,-28.810849],[149.140272,-28.81031],[149.140239,-28.810125],[149.139645,-28.80973],[149.138663,-28.808879],[149.13855,-28.808664],[149.138717,-28.808317],[149.138972,-28.808174],[149.139471,-28.80805],[149.139521,-28.807837],[149.139263,-28.807326],[149.139407,-28.806896],[149.139567,-28.806734],[149.139865,-28.806645],[149.140113,-28.806675],[149.140598,-28.806978],[149.140843,-28.807018],[149.141782,-28.806901],[149.141998,-28.806823],[149.142263,-28.806561],[149.142753,-28.805673],[149.142988,-28.805618],[149.143472,-28.805988],[149.144468,-28.806448],[149.144598,-28.806766],[149.144452,-28.806918],[149.144178,-28.807015],[149.143617,-28.806966],[149.143339,-28.807105],[149.142911,-28.807449],[149.142694,-28.808032],[149.14273,-28.808179],[149.142956,-28.80829],[149.143328,-28.808227],[149.144175,-28.807751],[149.144469,-28.807771],[149.144716,-28.808127],[149.1449,-28.808937],[149.145148,-28.809296],[149.145394,-28.809477],[149.145646,-28.809458],[149.145893,-28.809221],[149.146078,-28.808727],[149.146221,-28.80859],[149.146863,-28.808569],[149.147035,-28.808455],[149.14697,-28.80794],[149.146639,-28.807273],[149.14621,-28.806826],[149.146168,-28.806306],[149.146373,-28.80609],[149.146651,-28.805985],[149.147487,-28.805968],[149.148321,-28.805772],[149.14835,-28.806244],[149.148091,-28.807245],[149.147901,-28.807579],[149.147792,-28.808215],[149.147884,-28.808359],[149.148141,-28.808508],[149.148994,-28.808638],[149.149948,-28.808406],[149.150141,-28.808217],[149.150453,-28.807489],[149.150832,-28.807371],[149.151076,-28.807402],[149.15292,-28.808142],[149.153969,-28.808113],[149.154214,-28.808339],[149.15436,-28.809155],[149.154506,-28.809386],[149.154712,-28.809498],[149.155069,-28.80955],[149.155786,-28.809463],[149.157325,-28.809439],[149.157658,-28.809376],[149.157915,-28.809132],[149.158524,-28.80909],[149.158675,-28.80918],[149.158714,-28.80932],[149.158668,-28.810037],[149.159341,-28.810269],[149.159582,-28.810691],[149.160018,-28.810854],[149.160486,-28.810651],[149.160753,-28.81032],[149.161166,-28.808741],[149.161401,-28.808267],[149.161424,-28.807998],[149.161296,-28.807799],[149.160604,-28.807461],[149.160526,-28.807124],[149.16086,-28.806849],[149.161552,-28.806898],[149.161721,-28.806837],[149.161937,-28.806386],[149.162453,-28.805865],[149.163102,-28.805807],[149.163239,-28.80592],[149.163258,-28.806408],[149.162916,-28.806824],[149.162893,-28.807124],[149.163037,-28.807183],[149.163658,-28.806966],[149.163777,-28.807054],[149.163845,-28.807404],[149.164145,-28.807977],[149.164358,-28.808136],[149.164798,-28.808219],[149.165742,-28.807961],[149.1659,-28.808036],[149.166129,-28.808594],[149.166327,-28.808745],[149.166577,-28.808759],[149.166763,-28.808687],[149.166869,-28.808535],[149.166871,-28.80795],[149.166589,-28.807487],[149.166708,-28.807082],[149.167059,-28.807022],[149.1672,-28.807128],[149.167371,-28.807888],[149.167501,-28.808027],[149.167738,-28.808077],[149.168027,-28.807986],[149.168544,-28.80768],[149.16905,-28.808059],[149.169398,-28.808044],[149.169591,-28.807871],[149.169609,-28.806989],[149.169962,-28.806452],[149.170439,-28.806127],[149.170638,-28.806132],[149.171163,-28.806407],[149.171538,-28.806392],[149.171757,-28.806245],[149.172382,-28.80524],[149.172554,-28.804764],[149.173324,-28.804154],[149.173518,-28.803908],[149.173991,-28.80365],[149.17495,-28.803646],[149.17535,-28.803451],[149.1754,-28.803353],[149.175344,-28.802814],[149.175639,-28.802486],[149.176794,-28.80267],[149.17765,-28.803183],[149.177955,-28.803207],[149.179193,-28.803031],[149.179393,-28.802847],[149.179465,-28.80261],[149.179264,-28.802027],[149.17925,-28.801756],[149.179484,-28.800818],[149.179681,-28.800436],[149.179431,-28.799307],[149.179581,-28.79867],[149.179813,-28.798471],[149.180503,-28.7983],[149.180743,-28.798285],[149.181317,-28.798426],[149.181681,-28.798358],[149.181813,-28.798173],[149.18171,-28.797067],[149.181778,-28.796852],[149.182252,-28.796777],[149.183235,-28.797046],[149.183432,-28.797063],[149.183575,-28.796978],[149.183628,-28.796713],[149.183015,-28.795827],[149.182917,-28.795486],[149.182903,-28.795147],[149.183137,-28.794625],[149.18357,-28.794516],[149.186113,-28.794635],[149.186544,-28.79458],[149.186685,-28.794472],[149.186842,-28.79405],[149.18707,-28.792934],[149.187051,-28.792554],[149.186943,-28.792261],[149.186787,-28.792103],[149.185483,-28.791408],[149.184366,-28.790975],[149.184116,-28.790776],[149.183987,-28.790512],[149.18405,-28.789705],[149.1842,-28.789389],[149.184777,-28.788663],[149.186054,-28.787807],[149.186897,-28.786521],[149.186961,-28.786312],[149.186938,-28.786034],[149.186805,-28.78578],[149.186296,-28.78544],[149.186202,-28.7852],[149.186939,-28.784929],[149.186995,-28.784802],[149.186923,-28.784199],[149.187027,-28.783848],[149.186691,-28.782981],[149.186301,-28.782485],[149.186023,-28.782361],[149.186003,-28.782202],[149.186094,-28.782011],[149.18653,-28.78178],[149.18912,-28.78162],[149.189843,-28.781883],[149.190391,-28.781968],[149.190712,-28.781879],[149.190984,-28.781654],[149.191187,-28.781254],[149.192016,-28.78116],[149.19226,-28.780987],[149.192374,-28.780742],[149.192313,-28.780424],[149.191372,-28.77954],[149.191214,-28.779113],[149.191222,-28.778595],[149.19115,-28.778433],[149.190996,-28.778302],[149.190643,-28.778329],[149.190382,-28.778228],[149.189909,-28.777785],[149.188896,-28.777437],[149.188411,-28.777057],[149.188286,-28.775727],[149.188379,-28.775336],[149.188619,-28.775114],[149.189009,-28.774933],[149.189943,-28.774748],[149.192587,-28.773907],[149.193587,-28.773917],[149.193802,-28.773398],[149.193829,-28.773059],[149.193447,-28.772044],[149.193551,-28.77163],[149.193992,-28.771213],[149.194536,-28.770931],[149.195092,-28.770882],[149.196043,-28.770947],[149.196767,-28.770794],[149.197198,-28.771033],[149.197565,-28.771076],[149.197903,-28.77098],[149.198028,-28.77075],[149.197848,-28.770218],[149.198059,-28.769905],[149.198549,-28.769847],[149.199115,-28.769988],[149.199743,-28.769713],[149.199813,-28.769512],[149.19995,-28.76949],[149.200585,-28.769869],[149.201081,-28.770294],[149.201529,-28.770526],[149.201873,-28.770603],[149.202277,-28.770574],[149.202907,-28.77028],[149.203721,-28.769679],[149.204152,-28.769146],[149.204617,-28.768732],[149.204938,-28.768584],[149.205242,-28.768674],[149.205608,-28.769031],[149.206505,-28.769005],[149.206755,-28.769144],[149.207075,-28.769498],[149.207483,-28.76942],[149.207628,-28.769241],[149.207588,-28.768931],[149.207027,-28.768582],[149.206845,-28.768249],[149.206857,-28.767585],[149.206493,-28.766705],[149.206612,-28.766236],[149.206826,-28.765928],[149.207283,-28.765712],[149.207567,-28.765673],[149.208248,-28.765917],[149.208533,-28.76621],[149.209248,-28.767789],[149.20988,-28.768318],[149.210203,-28.7684],[149.210338,-28.76832],[149.210303,-28.767922],[149.210366,-28.767691],[149.210516,-28.767514],[149.21148,-28.767029],[149.212081,-28.766443],[149.212126,-28.766321],[149.212031,-28.765916],[149.211693,-28.765712],[149.211644,-28.765473],[149.211656,-28.765246],[149.211884,-28.765024],[149.212151,-28.764918],[149.212312,-28.764973],[149.212527,-28.765285],[149.213158,-28.765622],[149.213779,-28.765603],[149.213966,-28.765457],[149.213954,-28.765056],[149.21348,-28.764307],[149.213493,-28.764051],[149.213579,-28.763817],[149.213735,-28.763664],[149.214202,-28.763417],[149.215081,-28.763795],[149.215373,-28.764023],[149.215794,-28.76407],[149.21589,-28.763958],[149.216065,-28.763022],[149.21616,-28.762953],[149.217004,-28.763138],[149.218767,-28.762782],[149.218998,-28.762809],[149.219598,-28.763282],[149.219879,-28.763743],[149.21982,-28.765398],[149.219935,-28.765609],[149.220263,-28.765774],[149.220985,-28.765932],[149.221672,-28.765903],[149.22202,-28.76563],[149.222111,-28.765395],[149.222009,-28.764763],[149.222064,-28.764522],[149.22227,-28.764251],[149.223089,-28.764041],[149.223456,-28.764045],[149.223703,-28.764129],[149.224206,-28.764684],[149.224424,-28.764725],[149.224619,-28.764657],[149.224798,-28.764519],[149.224871,-28.764329],[149.224834,-28.764114],[149.223738,-28.762856],[149.223668,-28.762657],[149.223767,-28.762386],[149.224063,-28.762363],[149.225111,-28.763081],[149.225496,-28.76309],[149.225583,-28.762961],[149.225633,-28.762477],[149.225601,-28.76208],[149.225454,-28.761826],[149.225173,-28.761677],[149.225113,-28.761465],[149.225137,-28.761273],[149.225481,-28.761007],[149.226497,-28.76105],[149.226894,-28.761333],[149.227186,-28.761788],[149.22742,-28.761933],[149.228358,-28.761981],[149.228609,-28.761886],[149.22865,-28.761661],[149.228557,-28.76148],[149.228284,-28.761293],[149.227622,-28.761133],[149.227573,-28.760997],[149.227702,-28.759039],[149.228068,-28.758655],[149.228539,-28.75855],[149.228681,-28.758596],[149.228969,-28.758882],[149.229268,-28.759018],[149.229537,-28.759009],[149.229857,-28.758798],[149.230327,-28.758282],[149.230311,-28.757903],[149.230059,-28.757713],[149.228875,-28.757673],[149.228667,-28.757575],[149.2283,-28.756507],[149.228107,-28.756216],[149.228121,-28.755951],[149.228568,-28.755074],[149.229023,-28.754884],[149.229373,-28.754981],[149.229542,-28.755435],[149.230162,-28.756037],[149.2303,-28.756295],[149.230605,-28.756469],[149.231004,-28.756467],[149.231338,-28.756365],[149.231786,-28.755627],[149.231734,-28.755226],[149.231533,-28.755179],[149.231338,-28.755006],[149.23109,-28.754514],[149.231045,-28.754051],[149.230779,-28.753444],[149.230491,-28.752226],[149.230152,-28.751897],[149.230079,-28.751647],[149.230422,-28.750691],[149.230735,-28.750623],[149.230865,-28.750749],[149.231214,-28.751486],[149.231386,-28.751657],[149.231901,-28.751798],[149.232149,-28.751779],[149.232365,-28.75166],[149.232453,-28.751546],[149.232417,-28.751442],[149.232079,-28.75093],[149.23198,-28.750584],[149.231986,-28.750127],[149.232148,-28.749699],[149.23243,-28.749257],[149.232796,-28.748946],[149.232994,-28.748953],[149.23317,-28.749111],[149.233221,-28.749271],[149.233066,-28.749781],[149.23314,-28.750067],[149.233275,-28.750109],[149.233504,-28.750036],[149.233894,-28.749664],[149.23428,-28.749583],[149.23499,-28.749775],[149.235554,-28.750187],[149.236006,-28.750641],[149.236355,-28.750759],[149.236697,-28.750556],[149.236771,-28.750318],[149.23673,-28.749683],[149.236537,-28.748706],[149.236603,-28.748554],[149.236907,-28.748462],[149.237464,-28.748582],[149.237629,-28.748543],[149.237654,-28.748158],[149.237784,-28.747833],[149.238009,-28.747737],[149.238175,-28.74778],[149.238876,-28.748352],[149.239107,-28.74875],[149.239412,-28.748793],[149.239506,-28.748722],[149.239671,-28.748203],[149.239696,-28.747588],[149.240561,-28.746318],[149.240936,-28.74642],[149.241988,-28.74737],[149.242365,-28.747472],[149.242739,-28.747407],[149.243188,-28.747131],[149.243287,-28.746984],[149.24325,-28.746749],[149.243011,-28.746593],[149.242298,-28.746366],[149.241525,-28.745904],[149.240831,-28.745945],[149.240738,-28.745883],[149.240748,-28.745643],[149.241242,-28.745475],[149.241966,-28.744828],[149.242217,-28.74408],[149.242972,-28.743878],[149.243388,-28.743475],[149.243576,-28.743399],[149.244277,-28.743436],[149.244644,-28.743247],[149.244701,-28.742855],[149.243831,-28.742242],[149.243649,-28.741766],[149.243719,-28.741628],[149.244113,-28.741507],[149.244792,-28.741562],[149.245094,-28.74173],[149.245484,-28.741699],[149.2456,-28.741577],[149.245909,-28.740193],[149.24549,-28.73929],[149.245278,-28.739068],[149.245347,-28.73896],[149.245519,-28.738923],[149.245886,-28.739211],[149.246071,-28.739262],[149.246289,-28.739215],[149.246721,-28.738795],[149.247179,-28.738601],[149.247403,-28.738605],[149.247866,-28.738806],[149.248233,-28.738792],[149.248307,-28.738856],[149.248292,-28.73898],[149.248197,-28.739079],[149.247339,-28.739435],[149.247263,-28.739551],[149.247271,-28.739796],[149.247493,-28.74002],[149.248043,-28.740162],[149.248659,-28.740488],[149.248767,-28.740624],[149.248585,-28.74114],[149.248618,-28.741295],[149.249097,-28.74156],[149.249399,-28.741596],[149.249719,-28.74138],[149.249905,-28.741136],[149.249858,-28.740957],[149.249453,-28.740748],[149.249425,-28.740444],[149.249512,-28.740041],[149.249664,-28.739906],[149.249848,-28.739846],[149.250167,-28.739889],[149.250537,-28.740077],[149.250894,-28.74042],[149.25108,-28.740444],[149.251272,-28.740376],[149.25143,-28.74021],[149.251666,-28.739727],[149.251904,-28.739649],[149.252137,-28.740662],[149.252043,-28.74114],[149.252628,-28.741907],[149.253239,-28.742286],[149.253576,-28.74224],[149.253709,-28.742029],[149.253753,-28.741321],[149.253438,-28.740772],[149.253646,-28.740212],[149.254049,-28.739859],[149.254049,-28.739462],[149.254376,-28.738704],[149.254633,-28.738403],[149.255017,-28.738323],[149.255257,-28.738539],[149.255206,-28.738871],[149.255406,-28.739039],[149.255746,-28.738995],[149.255849,-28.738747],[149.256142,-28.738842],[149.256243,-28.739289],[149.256528,-28.739489],[149.256602,-28.739668],[149.256974,-28.73971],[149.257295,-28.739542],[149.257368,-28.739212],[149.257103,-28.738567],[149.257233,-28.738165],[149.256921,-28.737908],[149.25672,-28.737545],[149.257691,-28.736832],[149.25902,-28.736385],[149.259925,-28.735503],[149.260124,-28.735495],[149.260677,-28.735837],[149.261022,-28.735849],[149.261372,-28.735669],[149.261408,-28.73544],[149.261084,-28.734876],[149.261112,-28.734741],[149.261308,-28.734562],[149.261609,-28.734499],[149.261821,-28.734204],[149.262087,-28.734125],[149.262982,-28.734373],[149.263121,-28.734569],[149.263051,-28.734769],[149.262462,-28.734905],[149.262074,-28.735144],[149.261917,-28.735359],[149.261942,-28.735444],[149.263703,-28.735475],[149.263847,-28.735623],[149.263825,-28.73575],[149.263083,-28.736351],[149.263051,-28.736609],[149.263307,-28.737181],[149.263739,-28.737325],[149.263905,-28.737614],[149.263844,-28.73789],[149.263615,-28.73822],[149.263692,-28.738406],[149.264051,-28.738435],[149.264345,-28.73861],[149.264586,-28.738911],[149.264513,-28.739137],[149.264385,-28.739157],[149.264028,-28.738915],[149.263759,-28.738844],[149.263315,-28.738801],[149.26311,-28.738867],[149.262978,-28.738974],[149.262981,-28.739314],[149.263091,-28.739513],[149.262916,-28.739774],[149.262935,-28.740187],[149.263148,-28.740391],[149.263389,-28.740406],[149.264127,-28.739995],[149.264972,-28.739983],[149.265347,-28.740135],[149.265538,-28.740333],[149.265884,-28.741167],[149.265925,-28.741545],[149.2658,-28.742101],[149.265789,-28.742705],[149.265853,-28.742864],[149.266331,-28.743257],[149.266508,-28.74328],[149.267029,-28.742916],[149.267771,-28.742704],[149.267914,-28.742745],[149.267986,-28.742886],[149.26811,-28.743506],[149.26821,-28.743653],[149.269319,-28.743262],[149.26952,-28.74306],[149.269973,-28.742173],[149.269997,-28.741755],[149.270204,-28.741612],[149.270716,-28.741465],[149.270885,-28.741233],[149.270946,-28.740824],[149.271575,-28.740802],[149.272794,-28.740127],[149.272956,-28.739933],[149.272975,-28.739763],[149.272642,-28.739385],[149.272625,-28.739198],[149.272938,-28.738901],[149.272944,-28.738302],[149.272793,-28.737957],[149.272869,-28.737644],[149.273737,-28.737398],[149.273887,-28.737165],[149.273617,-28.736621],[149.273619,-28.736171],[149.273444,-28.736036],[149.273074,-28.736135],[149.272992,-28.736465],[149.272187,-28.737012],[149.272013,-28.736964],[149.27181,-28.736531],[149.271293,-28.736601],[149.271156,-28.736528],[149.271015,-28.736202],[149.271387,-28.735563],[149.271377,-28.73522],[149.27114,-28.734957],[149.270836,-28.734855],[149.270695,-28.734512],[149.270838,-28.734345],[149.271549,-28.733919],[149.271884,-28.733236],[149.272581,-28.733493],[149.273096,-28.733208],[149.273486,-28.73317],[149.273648,-28.733311],[149.273801,-28.733637],[149.274,-28.733726],[149.274219,-28.733696],[149.274564,-28.733491],[149.2749,-28.733099],[149.275017,-28.733078],[149.275175,-28.733317],[149.275375,-28.733447],[149.275552,-28.73345],[149.275912,-28.733324],[149.276412,-28.733012],[149.276335,-28.732683],[149.276508,-28.732237],[149.2768,-28.731916],[149.277261,-28.731634],[149.277782,-28.731994],[149.27794,-28.732224],[149.277518,-28.732771],[149.27777,-28.733313],[149.27822,-28.733646],[149.279005,-28.733683],[149.279271,-28.73359],[149.279401,-28.733447],[149.279384,-28.733245],[149.278884,-28.732715],[149.278928,-28.732377],[149.279206,-28.732292],[149.279636,-28.732563],[149.279875,-28.732579],[149.280132,-28.732401],[149.280078,-28.732137],[149.279819,-28.732043],[149.279702,-28.731867],[149.279685,-28.731091],[149.280079,-28.730699],[149.280448,-28.730658],[149.280782,-28.730795],[149.28083,-28.730917],[149.280687,-28.7315],[149.280803,-28.731867],[149.281023,-28.731964],[149.282381,-28.73188],[149.282699,-28.731948],[149.282804,-28.732096],[149.282766,-28.732273],[149.282334,-28.732872],[149.282282,-28.733068],[149.282522,-28.733302],[149.283606,-28.733305],[149.283963,-28.733158],[149.284184,-28.732737],[149.284318,-28.732627],[149.285127,-28.73205],[149.285717,-28.73188],[149.286012,-28.731247],[149.285873,-28.730933],[149.285657,-28.730764],[149.285343,-28.730766],[149.284766,-28.73118],[149.284455,-28.731104],[149.283697,-28.730339],[149.283648,-28.730181],[149.28298,-28.729879],[149.282726,-28.729615],[149.28264,-28.729319],[149.282677,-28.729133],[149.282866,-28.728964],[149.283327,-28.728824],[149.283415,-28.728671],[149.283323,-28.728517],[149.282426,-28.728307],[149.282412,-28.728064],[149.282986,-28.727636],[149.283881,-28.726704],[149.284431,-28.726337],[149.284584,-28.726162],[149.284765,-28.725423],[149.284923,-28.725333],[149.285091,-28.725342],[149.285256,-28.72549],[149.285442,-28.726053],[149.285941,-28.726276],[149.286234,-28.726602],[149.286796,-28.726901],[149.287028,-28.726914],[149.287152,-28.726797],[149.287472,-28.725901],[149.287715,-28.725633],[149.287833,-28.725198],[149.287631,-28.72473],[149.287641,-28.724361],[149.287487,-28.723744],[149.286808,-28.722637],[149.286574,-28.721989],[149.2866,-28.72174],[149.286773,-28.7216],[149.287101,-28.721544],[149.287241,-28.721357],[149.287181,-28.721],[149.28732,-28.720696],[149.287472,-28.72068],[149.287981,-28.72098],[149.288227,-28.721023],[149.288387,-28.720926],[149.288719,-28.720292],[149.289042,-28.719951],[149.28913,-28.719154],[149.289307,-28.719002],[149.290128,-28.718698],[149.29071,-28.718858],[149.291401,-28.718819],[149.291432,-28.718705],[149.29107,-28.718038],[149.291037,-28.717819],[149.290819,-28.717694],[149.29061,-28.717345],[149.290603,-28.71704],[149.290752,-28.71663],[149.290862,-28.71657],[149.291492,-28.716629],[149.291654,-28.716511],[149.291662,-28.715872],[149.291704,-28.715565],[149.291782,-28.715492],[149.292314,-28.71559],[149.292489,-28.715468],[149.292596,-28.715035],[149.293033,-28.714288],[149.293016,-28.713701],[149.292879,-28.713154],[149.293352,-28.712363],[149.293471,-28.711777],[149.293679,-28.711283],[149.294131,-28.711051],[149.294355,-28.711078],[149.294607,-28.711445],[149.294882,-28.711576],[149.295089,-28.711609],[149.295306,-28.711521],[149.29605,-28.710942],[149.296635,-28.709809],[149.29675,-28.709748],[149.29726,-28.709736],[149.29792,-28.709243],[149.298054,-28.709273],[149.298112,-28.709442],[149.298006,-28.709868],[149.298025,-28.710161],[149.298119,-28.710315],[149.298273,-28.710349],[149.298433,-28.710274],[149.298604,-28.709794],[149.298718,-28.709763],[149.299201,-28.710186],[149.299407,-28.710273],[149.299837,-28.710234],[149.300231,-28.710087],[149.30075,-28.710096],[149.301154,-28.709975],[149.301437,-28.709696],[149.301429,-28.709465],[149.30129,-28.709151],[149.30103,-28.708924],[149.300948,-28.708557],[149.301047,-28.708497],[149.301423,-28.708611],[149.302065,-28.708578],[149.302409,-28.708819],[149.302899,-28.709373],[149.303242,-28.709538],[149.303657,-28.710201],[149.304381,-28.710187],[149.304593,-28.710007],[149.304784,-28.710016],[149.305034,-28.71022],[149.305168,-28.710573],[149.305044,-28.711046],[149.305083,-28.711275],[149.305351,-28.711512],[149.305645,-28.711607],[149.306021,-28.711493],[149.306414,-28.711172],[149.306667,-28.711103],[149.306894,-28.711137],[149.307239,-28.711365],[149.307705,-28.71183],[149.308053,-28.711951],[149.308288,-28.711896],[149.308414,-28.711718],[149.308396,-28.711472],[149.308703,-28.710598],[149.30911,-28.710268],[149.309323,-28.710245],[149.309468,-28.710313],[149.309565,-28.710509],[149.309314,-28.710934],[149.309353,-28.711487],[149.309519,-28.711863],[149.310139,-28.712231],[149.310836,-28.712227],[149.311058,-28.712117],[149.311064,-28.712019],[149.310837,-28.71172],[149.310588,-28.711639],[149.310415,-28.711358],[149.310344,-28.710983],[149.310698,-28.710609],[149.311285,-28.710537],[149.311525,-28.710679],[149.311583,-28.710819],[149.311493,-28.711425],[149.311571,-28.711546],[149.311925,-28.711614],[149.312031,-28.711491],[149.31216,-28.71103],[149.312395,-28.710836],[149.312542,-28.710824],[149.313121,-28.711261],[149.313403,-28.711723],[149.313776,-28.712135],[149.314065,-28.712254],[149.314544,-28.712132],[149.314745,-28.711876],[149.314643,-28.71165],[149.314221,-28.711453],[149.313943,-28.710982],[149.314032,-28.710819],[149.314655,-28.710797],[149.315367,-28.710188],[149.315492,-28.710209],[149.315665,-28.710542],[149.31565,-28.710788],[149.315472,-28.71088],[149.315442,-28.710999],[149.315519,-28.7111],[149.316164,-28.711067],[149.31654,-28.711356],[149.317141,-28.711574],[149.317389,-28.711832],[149.317413,-28.712029],[149.317286,-28.712129],[149.316931,-28.712092],[149.316671,-28.712207],[149.316268,-28.712562],[149.3161,-28.712808],[149.316106,-28.713144],[149.316423,-28.713331],[149.316884,-28.713343],[149.317707,-28.713891],[149.318159,-28.713965],[149.318419,-28.713898],[149.318538,-28.713768],[149.318486,-28.713086],[149.318659,-28.712067],[149.318395,-28.711465],[149.318513,-28.711135],[149.318866,-28.710886],[149.319458,-28.710998],[149.319949,-28.710975],[149.320212,-28.710853],[149.320804,-28.710322],[149.321824,-28.709977],[149.322154,-28.709706],[149.322512,-28.709186],[149.322468,-28.709014],[149.322259,-28.70893],[149.321632,-28.709062],[149.320814,-28.709114],[149.320553,-28.709241],[149.32002,-28.70913],[149.319794,-28.708943],[149.319366,-28.708296],[149.319313,-28.707828],[149.319702,-28.707059],[149.319874,-28.706001],[149.319984,-28.70587],[149.320593,-28.705782],[149.321161,-28.705925],[149.322108,-28.705889],[149.322391,-28.706079],[149.322592,-28.706411],[149.322616,-28.706618],[149.322389,-28.707201],[149.322385,-28.70739],[149.322483,-28.707615],[149.32284,-28.707807],[149.323248,-28.707762],[149.3238,-28.70746],[149.323982,-28.707141],[149.324514,-28.706955],[149.324984,-28.706898],[149.326029,-28.707183],[149.3273,-28.707158],[149.327818,-28.707409],[149.328647,-28.707379],[149.328715,-28.707237],[149.328495,-28.706542],[149.327934,-28.705711],[149.327794,-28.705414],[149.327785,-28.705146],[149.328502,-28.704092],[149.328909,-28.703948],[149.329901,-28.703938],[149.330456,-28.703744],[149.33195,-28.702681],[149.332021,-28.702398],[149.331599,-28.701399],[149.330923,-28.700939],[149.33003,-28.699923],[149.328943,-28.699206],[149.328912,-28.698915],[149.329118,-28.698647],[149.32975,-28.698107],[149.330487,-28.697647],[149.330621,-28.697347],[149.331048,-28.697202],[149.331342,-28.697255],[149.33199,-28.697537],[149.333036,-28.697631],[149.334064,-28.697862],[149.334387,-28.698157],[149.334706,-28.698308],[149.335357,-28.698367],[149.335986,-28.698171],[149.33633,-28.697658],[149.336601,-28.697435],[149.337605,-28.69711],[149.338114,-28.69681],[149.338855,-28.696156],[149.339329,-28.695319],[149.340123,-28.694955],[149.340386,-28.695015],[149.340723,-28.695509],[149.340843,-28.69609],[149.341095,-28.696459],[149.341296,-28.696519],[149.342003,-28.696309],[149.342489,-28.696302],[149.344001,-28.696613],[149.344528,-28.696517],[149.345569,-28.696528],[149.346384,-28.696844],[149.3466,-28.696828],[149.346832,-28.696664],[149.346988,-28.696321],[149.347386,-28.695941],[149.347429,-28.695647],[149.34732,-28.69543],[149.347156,-28.695422],[149.346738,-28.695618],[149.346286,-28.695579],[149.345634,-28.6951],[149.345504,-28.694848],[149.345571,-28.694212],[149.345789,-28.693896],[149.346892,-28.693351],[149.347025,-28.693135],[149.346975,-28.692692],[149.34733,-28.691798],[149.347385,-28.691338],[149.347686,-28.690926],[149.347998,-28.690762],[149.348506,-28.690707],[149.349547,-28.690954],[149.349985,-28.691213],[149.350235,-28.691582],[149.350581,-28.692584],[149.350796,-28.69274],[149.351053,-28.692777],[149.351271,-28.692667],[149.351662,-28.691864],[149.352427,-28.691087],[149.352566,-28.690704],[149.351858,-28.689987],[149.351832,-28.689567],[149.351949,-28.688838],[149.352121,-28.688473],[149.352325,-28.688281],[149.353451,-28.687814],[149.353806,-28.687821],[149.354524,-28.687998],[149.354766,-28.687947],[149.354874,-28.687816],[149.354771,-28.687081],[149.354951,-28.686749],[149.355224,-28.686565],[149.356831,-28.686075],[149.357135,-28.685827],[149.357426,-28.68526],[149.357816,-28.684773],[149.358005,-28.684272],[149.358163,-28.684144],[149.358575,-28.684066],[149.35956,-28.684136],[149.360571,-28.684058],[149.361163,-28.684171],[149.36162,-28.684442],[149.362118,-28.68501],[149.362346,-28.685942],[149.363115,-28.688154],[149.363323,-28.689239],[149.363422,-28.689372],[149.363763,-28.689482],[149.363993,-28.68943],[149.36426,-28.68925],[149.364722,-28.689195],[149.364973,-28.689296],[149.365638,-28.690548],[149.3657,-28.690992],[149.365872,-28.691336],[149.366161,-28.691591],[149.366668,-28.692262],[149.366886,-28.692398],[149.368224,-28.692207],[149.368777,-28.691972],[149.368886,-28.691851],[149.36895,-28.691466],[149.368738,-28.690794],[149.36877,-28.690072],[149.368523,-28.689816],[149.368276,-28.689797],[149.367863,-28.689614],[149.367537,-28.689274],[149.367458,-28.688903],[149.367557,-28.688728],[149.368255,-28.688346],[149.36846,-28.688148],[149.36857,-28.687815],[149.368946,-28.687418],[149.369199,-28.687409],[149.370295,-28.687836],[149.370796,-28.687821],[149.371252,-28.687916],[149.371471,-28.688135],[149.371506,-28.688363],[149.371384,-28.688918],[149.370948,-28.689452],[149.371041,-28.689805],[149.371316,-28.689888],[149.371649,-28.689837],[149.37215,-28.689618],[149.372349,-28.689472],[149.372464,-28.689214],[149.372714,-28.688982],[149.373009,-28.68894],[149.373294,-28.689077],[149.373404,-28.689289],[149.373382,-28.689791],[149.373527,-28.690262],[149.373673,-28.690403],[149.374545,-28.690356],[149.37482,-28.690502],[149.37491,-28.690653],[149.374848,-28.691108],[149.374903,-28.691576],[149.375136,-28.692028],[149.375592,-28.692618],[149.375878,-28.692791],[149.376253,-28.692662],[149.376683,-28.692078],[149.378125,-28.691718],[149.378384,-28.691471],[149.378452,-28.691232],[149.378347,-28.691003],[149.377786,-28.690784],[149.37729,-28.690448],[149.377143,-28.690289],[149.377121,-28.690096],[149.377196,-28.689906],[149.377557,-28.689584],[149.377732,-28.689268],[149.378369,-28.688583],[149.378747,-28.688476],[149.378997,-28.688537],[149.379188,-28.688716],[149.379275,-28.688986],[149.379212,-28.689165],[149.378746,-28.689478],[149.378613,-28.689669],[149.378616,-28.689859],[149.379141,-28.69043],[149.379463,-28.69062],[149.38005,-28.690599],[149.380416,-28.690031],[149.380923,-28.689793],[149.381051,-28.689878],[149.381089,-28.690606],[149.381213,-28.690831],[149.381421,-28.690887],[149.382284,-28.690573],[149.382888,-28.690577],[149.383208,-28.690455],[149.383483,-28.690172],[149.383728,-28.690176],[149.383876,-28.690276],[149.383926,-28.690465],[149.383735,-28.690821],[149.38378,-28.691097],[149.383951,-28.691208],[149.384254,-28.69127],[149.384549,-28.69121],[149.385177,-28.691387],[149.385232,-28.691636],[149.385139,-28.691883],[149.384363,-28.692293],[149.38403,-28.692747],[149.384053,-28.692963],[149.384267,-28.693088],[149.384448,-28.693086],[149.384741,-28.692937],[149.384903,-28.692729],[149.38543,-28.692707],[149.385598,-28.69288],[149.385606,-28.693106],[149.385012,-28.693806],[149.385336,-28.694909],[149.386142,-28.69554],[149.386396,-28.6959],[149.386877,-28.696259],[149.387189,-28.69629],[149.387491,-28.696172],[149.387662,-28.69596],[149.387486,-28.695248],[149.387646,-28.694712],[149.387996,-28.694285],[149.388991,-28.69347],[149.389759,-28.693004],[149.390468,-28.692687],[149.390978,-28.692218],[149.39156,-28.691384],[149.391945,-28.690562],[149.3928,-28.688233],[149.393079,-28.687797],[149.393701,-28.687124],[149.39395,-28.686572],[149.394099,-28.686123],[149.394191,-28.685336],[149.394209,-28.684609],[149.394119,-28.684142],[149.393869,-28.683758],[149.392972,-28.68297],[149.392819,-28.682545],[149.392809,-28.682265],[149.392976,-28.681745],[149.39335,-28.681283],[149.393905,-28.680922],[149.394338,-28.680296],[149.39438,-28.679928],[149.394241,-28.679407],[149.39381,-28.678526],[149.39368,-28.67787],[149.393821,-28.67749],[149.394441,-28.677038],[149.394773,-28.676958],[149.395018,-28.677019],[149.395653,-28.677573],[149.395987,-28.677709],[149.396417,-28.677693],[149.3966,-28.677559],[149.397282,-28.676656],[149.397577,-28.675884],[149.398961,-28.674705],[149.399261,-28.674679],[149.400082,-28.674851],[149.400427,-28.675041],[149.40071,-28.675394],[149.400786,-28.675618],[149.401158,-28.675955],[149.401873,-28.676202],[149.402272,-28.676161],[149.403718,-28.675672],[149.40538,-28.675405],[149.405726,-28.675004],[149.405656,-28.674433],[149.405473,-28.674306],[149.404446,-28.673973],[149.404261,-28.673694],[149.404306,-28.673428],[149.404608,-28.673281],[149.40611,-28.673162],[149.406484,-28.672966],[149.406726,-28.672573],[149.406886,-28.672051],[149.407604,-28.67121],[149.408162,-28.670585],[149.409333,-28.66966],[149.410234,-28.669408],[149.411278,-28.668786],[149.412229,-28.668051],[149.412802,-28.667767],[149.413775,-28.667565],[149.414037,-28.667384],[149.414264,-28.667085],[149.414243,-28.666609],[149.414035,-28.66587],[149.414285,-28.665389],[149.414205,-28.665139],[149.413932,-28.664989],[149.413565,-28.665015],[149.413115,-28.665224],[149.41292,-28.665437],[149.412738,-28.666328],[149.412489,-28.666696],[149.411209,-28.667516],[149.410708,-28.667537],[149.410442,-28.667327],[149.41025,-28.666905],[149.410294,-28.666748],[149.410558,-28.666514],[149.410918,-28.666585],[149.411218,-28.666459],[149.411391,-28.666115],[149.411438,-28.665802],[149.411302,-28.665287],[149.410317,-28.664555],[149.410222,-28.664365],[149.41019,-28.663928],[149.410333,-28.663642],[149.410555,-28.66348],[149.41297,-28.662271],[149.413792,-28.662299],[149.414815,-28.662524],[149.415,-28.662501],[149.415354,-28.662618],[149.415509,-28.662866],[149.416146,-28.662882],[149.416265,-28.662711],[149.415832,-28.662155],[149.415984,-28.661769],[149.417228,-28.661045],[149.417434,-28.660659],[149.417529,-28.659846],[149.417401,-28.659463],[149.417211,-28.65926],[149.416737,-28.659039],[149.416238,-28.658654],[149.416011,-28.658265],[149.416016,-28.657921],[149.416112,-28.657801],[149.416656,-28.657527],[149.417057,-28.656871],[149.41706,-28.654664],[149.417213,-28.654578],[149.417445,-28.654622],[149.418298,-28.655387],[149.419361,-28.655503],[149.421138,-28.65622],[149.421441,-28.656198],[149.423153,-28.655406],[149.42335,-28.655123],[149.42355,-28.654254],[149.423447,-28.653956],[149.423283,-28.653788],[149.422969,-28.653646],[149.420103,-28.654012],[149.418926,-28.653983],[149.418547,-28.653759],[149.418199,-28.65339],[149.417311,-28.65285],[149.417126,-28.652631],[149.416867,-28.651911],[149.416815,-28.651332],[149.417005,-28.651049],[149.41722,-28.650991],[149.418049,-28.651197],[149.418398,-28.651137],[149.418593,-28.650981],[149.418568,-28.650696],[149.418686,-28.650202],[149.419109,-28.650011],[149.419749,-28.650028],[149.420736,-28.650375],[149.421177,-28.650377],[149.421477,-28.650312],[149.422843,-28.64956],[149.423201,-28.649558],[149.423429,-28.649662],[149.424229,-28.650375],[149.424654,-28.650616],[149.425302,-28.650614],[149.42597,-28.650357],[149.426209,-28.650048],[149.42631,-28.649526],[149.426009,-28.648842],[149.425613,-28.648398],[149.425477,-28.648035],[149.425446,-28.647517],[149.425657,-28.646979],[149.426037,-28.646869],[149.426764,-28.646965],[149.427275,-28.647114],[149.427747,-28.647414],[149.428062,-28.647349],[149.428526,-28.646925],[149.428602,-28.646746],[149.428552,-28.646582],[149.428077,-28.645942],[149.427519,-28.644847],[149.427606,-28.644683],[149.428031,-28.644344],[149.428148,-28.644104],[149.428237,-28.643509],[149.42854,-28.643379],[149.429267,-28.643632],[149.429651,-28.643592],[149.430075,-28.64342],[149.430591,-28.643396],[149.430765,-28.643317],[149.430861,-28.643148],[149.43087,-28.642826],[149.430693,-28.641892],[149.430104,-28.641344],[149.429437,-28.641069],[149.42906,-28.640656],[149.428968,-28.640159],[149.429016,-28.639739],[149.429086,-28.639612],[149.429259,-28.639528],[149.429445,-28.639582],[149.430308,-28.640241],[149.43059,-28.640283],[149.430851,-28.64022],[149.430983,-28.640068],[149.43098,-28.639906],[149.430172,-28.639325],[149.429903,-28.638922],[149.429748,-28.63856],[149.429639,-28.637655],[149.429702,-28.637491],[149.430201,-28.637228],[149.430473,-28.637301],[149.430612,-28.637661],[149.430881,-28.637926],[149.431181,-28.638104],[149.431544,-28.638129],[149.431909,-28.638077],[149.432752,-28.637598],[149.43281,-28.637233],[149.432684,-28.637066],[149.432444,-28.636964],[149.431237,-28.636784],[149.431003,-28.636576],[149.430987,-28.636345],[149.431093,-28.636126],[149.43141,-28.63581],[149.431837,-28.635587],[149.432337,-28.635533],[149.432818,-28.635603],[149.432979,-28.635495],[149.433086,-28.634856],[149.433018,-28.634516],[149.432754,-28.634349],[149.431681,-28.634541],[149.431401,-28.634426],[149.431357,-28.633668],[149.431483,-28.633448],[149.431441,-28.633168],[149.43126,-28.632967],[149.430522,-28.632618],[149.428967,-28.632174],[149.428503,-28.631735],[149.428449,-28.631488],[149.42854,-28.631314],[149.429683,-28.630509],[149.429748,-28.630392],[149.429718,-28.630225],[149.429531,-28.630071],[149.428277,-28.629771],[149.428159,-28.62963],[149.428183,-28.629419],[149.429113,-28.628696],[149.429712,-28.628451],[149.429916,-28.626938],[149.430016,-28.626434],[149.430148,-28.626187],[149.430542,-28.626086],[149.430725,-28.62622],[149.431315,-28.627524],[149.431598,-28.627724],[149.432584,-28.62807],[149.4328,-28.628066],[149.432894,-28.627967],[149.432882,-28.627759],[149.432415,-28.626978],[149.432413,-28.626788],[149.432635,-28.626432],[149.432863,-28.626382],[149.434405,-28.626519],[149.435033,-28.626429],[149.435323,-28.626086],[149.435345,-28.625123],[149.435509,-28.624863],[149.436138,-28.624623],[149.437665,-28.624555],[149.437978,-28.624429],[149.438164,-28.623928],[149.438083,-28.623556],[149.438075,-28.622682],[149.438362,-28.622569],[149.438781,-28.622661],[149.439587,-28.622677],[149.440054,-28.622397],[149.440117,-28.622049],[149.439966,-28.621747],[149.440089,-28.621489],[149.44105,-28.621173],[149.442433,-28.62104],[149.442589,-28.620856],[149.44271,-28.620453],[149.4431,-28.620209],[149.443315,-28.619737],[149.443266,-28.619541],[149.443011,-28.619382],[149.44228,-28.61941],[149.440429,-28.61911],[149.440178,-28.618986],[149.439999,-28.618735],[149.44006,-28.618263],[149.440595,-28.617638],[149.441169,-28.617227],[149.441284,-28.616715],[149.441289,-28.616234],[149.441113,-28.615811],[149.440865,-28.615761],[149.440075,-28.616128],[149.439433,-28.616008],[149.438899,-28.61577],[149.438714,-28.615506],[149.438774,-28.615282],[149.439409,-28.614579],[149.439582,-28.613963],[149.439581,-28.61351],[149.438983,-28.61238],[149.439032,-28.61166],[149.440281,-28.610912],[149.440703,-28.610327],[149.44146,-28.609594],[149.442224,-28.609139],[149.443006,-28.609041],[149.444301,-28.609074],[149.444564,-28.609003],[149.444686,-28.6088],[149.444606,-28.608554],[149.443547,-28.607814],[149.443375,-28.607406],[149.443449,-28.606897],[149.443994,-28.60625],[149.44492,-28.605947],[149.44528,-28.605951],[149.446352,-28.606411],[149.446772,-28.606366],[149.447085,-28.606155],[149.447145,-28.605922],[149.447001,-28.605358],[149.447267,-28.605],[149.447751,-28.604703],[149.448195,-28.604751],[149.449245,-28.605048],[149.449646,-28.605298],[149.450134,-28.605393],[149.450546,-28.605361],[149.450791,-28.605277],[149.451812,-28.604213],[149.45203,-28.603887],[149.45233,-28.603044],[149.452256,-28.602801],[149.452329,-28.602313],[149.452618,-28.602048],[149.452609,-28.601389],[149.452303,-28.601024],[149.45219,-28.600589],[149.452215,-28.60021],[149.452468,-28.599904],[149.453821,-28.599352],[149.453998,-28.599057],[149.453939,-28.598791],[149.453744,-28.598476],[149.453423,-28.598202],[149.453142,-28.597594],[149.4524,-28.595341],[149.452387,-28.595109],[149.452484,-28.594856],[149.452788,-28.594643],[149.454557,-28.595394],[149.455076,-28.595954],[149.45532,-28.596036],[149.455552,-28.595991],[149.45581,-28.595823],[149.45595,-28.595368],[149.455922,-28.595077],[149.455727,-28.594439],[149.45533,-28.59369],[149.455373,-28.593235],[149.455519,-28.592932],[149.455797,-28.592705],[149.456104,-28.592582],[149.456448,-28.592623],[149.456539,-28.592865],[149.457014,-28.593363],[149.457768,-28.59368],[149.458027,-28.594043],[149.458799,-28.594257],[149.459189,-28.594171],[149.459915,-28.593013],[149.461042,-28.591639],[149.461347,-28.591487],[149.461821,-28.591436],[149.461982,-28.591475],[149.462125,-28.591636],[149.462261,-28.59206],[149.462224,-28.592782],[149.4625,-28.593305],[149.463004,-28.593484],[149.463256,-28.593465],[149.464135,-28.593072],[149.464536,-28.593043],[149.464709,-28.593142],[149.465103,-28.5938],[149.465576,-28.595079],[149.466213,-28.595918],[149.466646,-28.596253],[149.46748,-28.596536],[149.467774,-28.596438],[149.467902,-28.596182],[149.467779,-28.595627],[149.466832,-28.594207],[149.466845,-28.593984],[149.466952,-28.593774],[149.467278,-28.59346],[149.467625,-28.592624],[149.467925,-28.592187],[149.468381,-28.591862],[149.468734,-28.591811],[149.469054,-28.591972],[149.469269,-28.592285],[149.469383,-28.592696],[149.469292,-28.593905],[149.469531,-28.594288],[149.469799,-28.594376],[149.470395,-28.594324],[149.470933,-28.593994],[149.470983,-28.59341],[149.471248,-28.592466],[149.471511,-28.59236],[149.471908,-28.592427],[149.472256,-28.592676],[149.472433,-28.592995],[149.472492,-28.59338],[149.472708,-28.593648],[149.473188,-28.593875],[149.47365,-28.593886],[149.474211,-28.593762],[149.47488,-28.593833],[149.475353,-28.593775],[149.475662,-28.593595],[149.475792,-28.593361],[149.475543,-28.593025],[149.4755,-28.592541],[149.475647,-28.592421],[149.476347,-28.592217],[149.476759,-28.591965],[149.476974,-28.591642],[149.477026,-28.590903],[149.476974,-28.590272],[149.476691,-28.589656],[149.476706,-28.589079],[149.476972,-28.58793],[149.477214,-28.587721],[149.477624,-28.58767],[149.478052,-28.587868],[149.478365,-28.588162],[149.478744,-28.589342],[149.478965,-28.590575],[149.479242,-28.591207],[149.479447,-28.591402],[149.479986,-28.59134],[149.480072,-28.591181],[149.480048,-28.590372],[149.480182,-28.590222],[149.480557,-28.59015],[149.480887,-28.589871],[149.48089,-28.589686],[149.480731,-28.589306],[149.480853,-28.589021],[149.481349,-28.588533],[149.481459,-28.58819],[149.481207,-28.587622],[149.48136,-28.587131],[149.482483,-28.586772],[149.482573,-28.586592],[149.482451,-28.585943],[149.482019,-28.585042],[149.481858,-28.584384],[149.481581,-28.583896],[149.4811,-28.58337],[149.481048,-28.583117],[149.481209,-28.582722],[149.481535,-28.582523],[149.481866,-28.582502],[149.48273,-28.582909],[149.482976,-28.583223],[149.483289,-28.58334],[149.483782,-28.583269],[149.484241,-28.582518],[149.484482,-28.58241],[149.485409,-28.582364],[149.48597,-28.582255],[149.4861,-28.582333],[149.486442,-28.582938],[149.486716,-28.582922],[149.487087,-28.583087],[149.487374,-28.583337],[149.487517,-28.58391],[149.487621,-28.584129],[149.487806,-28.584271],[149.488031,-28.584265],[149.488442,-28.583829],[149.488781,-28.583774],[149.489008,-28.583854],[149.489351,-28.584214],[149.489419,-28.584519],[149.489562,-28.584696],[149.48985,-28.584805],[149.490319,-28.584759],[149.490627,-28.584377],[149.491026,-28.583627],[149.492033,-28.583005],[149.492404,-28.58266],[149.492458,-28.582478],[149.491958,-28.581737],[149.49196,-28.581429],[149.493235,-28.580226],[149.493996,-28.579893],[149.494366,-28.579834],[149.494978,-28.579434],[149.495181,-28.57918],[149.495276,-28.578851],[149.496629,-28.578291],[149.496954,-28.578312],[149.497202,-28.578838],[149.497212,-28.579116],[149.496976,-28.579445],[149.496464,-28.579841],[149.496331,-28.580045],[149.496274,-28.580565],[149.496591,-28.580866],[149.496828,-28.580882],[149.497202,-28.580766],[149.497716,-28.580158],[149.498371,-28.578888],[149.498515,-28.578758],[149.498619,-28.578173],[149.499168,-28.577737],[149.499418,-28.577728],[149.499883,-28.577979],[149.50018,-28.578633],[149.500677,-28.579394],[149.501141,-28.57978],[149.501654,-28.580043],[149.502073,-28.580477],[149.502467,-28.580663],[149.502851,-28.580725],[149.503086,-28.580576],[149.503223,-28.580373],[149.50348,-28.579018],[149.503754,-28.57845],[149.503705,-28.577968],[149.503241,-28.576843],[149.502891,-28.57635],[149.502762,-28.575104],[149.50283,-28.574816],[149.503033,-28.574532],[149.5033,-28.574375],[149.50365,-28.574286],[149.503937,-28.574332],[149.50411,-28.574491],[149.504267,-28.575261],[149.504406,-28.575481],[149.50535,-28.576152],[149.50597,-28.576426],[149.506677,-28.576416],[149.507258,-28.575632],[149.50741,-28.575559],[149.50789,-28.575672],[149.508447,-28.576221],[149.509275,-28.576735],[149.510145,-28.57757],[149.510501,-28.577651],[149.510785,-28.577507],[149.511009,-28.576538],[149.51127,-28.576197],[149.511499,-28.576075],[149.511748,-28.576103],[149.512354,-28.576464],[149.513059,-28.577028],[149.513595,-28.57829],[149.513488,-28.578654],[149.512961,-28.579426],[149.512871,-28.579923],[149.513149,-28.580719],[149.513016,-28.581162],[149.513148,-28.581446],[149.513423,-28.581741],[149.513758,-28.581936],[149.51465,-28.581904],[149.515027,-28.581671],[149.515101,-28.581391],[149.515029,-28.580114],[149.515155,-28.579799],[149.515488,-28.579453],[149.51594,-28.579461],[149.516294,-28.579607],[149.516516,-28.579816],[149.516658,-28.580178],[149.516978,-28.580229],[149.517163,-28.580093],[149.516969,-28.579531],[149.517067,-28.579339],[149.517625,-28.579005],[149.51859,-28.579102],[149.518769,-28.579248],[149.518709,-28.579618],[149.518344,-28.579887],[149.518303,-28.580104],[149.518876,-28.581161],[149.519533,-28.581348],[149.520737,-28.580841],[149.521475,-28.580303],[149.521478,-28.5796],[149.521946,-28.579243],[149.522539,-28.579226],[149.523284,-28.579388],[149.524018,-28.579425],[149.524801,-28.579635],[149.52514,-28.579551],[149.525831,-28.578888],[149.526865,-28.578218],[149.527386,-28.577707],[149.527466,-28.57692],[149.526254,-28.57589],[149.526242,-28.575725],[149.526642,-28.575255],[149.528353,-28.574871],[149.529028,-28.574458],[149.529446,-28.574401],[149.529872,-28.57461],[149.530149,-28.575183],[149.530654,-28.575554],[149.530929,-28.576103],[149.531762,-28.57688],[149.532323,-28.577075],[149.532447,-28.577046],[149.532865,-28.576312],[149.533687,-28.576187],[149.534441,-28.576531],[149.53459,-28.576474],[149.535048,-28.575063],[149.535801,-28.574501],[149.536277,-28.574628],[149.536519,-28.57532],[149.536369,-28.575915],[149.536549,-28.576269],[149.536829,-28.576442],[149.537474,-28.576447],[149.537642,-28.576232],[149.53738,-28.575615],[149.537357,-28.57537],[149.53787,-28.574992],[149.539349,-28.574939],[149.540387,-28.575372],[149.541222,-28.575439],[149.542023,-28.57515],[149.542434,-28.575281],[149.543116,-28.576169],[149.543344,-28.576873],[149.543602,-28.577016],[149.544267,-28.576785],[149.544325,-28.576535],[149.544562,-28.576347],[149.544558,-28.575819],[149.544904,-28.575683],[149.545461,-28.575816],[149.546101,-28.576256],[149.547795,-28.577057],[149.548446,-28.577122],[149.54897,-28.577061],[149.549621,-28.576724],[149.550317,-28.576877],[149.551011,-28.577435],[149.551064,-28.577859],[149.550761,-28.578281],[149.550743,-28.578512],[149.550834,-28.578714],[149.551247,-28.579336],[149.551584,-28.579615],[149.55187,-28.580198],[149.552853,-28.580913],[149.55322,-28.580821],[149.55365,-28.580511],[149.553713,-28.580043],[149.553153,-28.579371],[149.552909,-28.578643],[149.552687,-28.578324],[149.552909,-28.577613],[149.553331,-28.577372],[149.553984,-28.577453],[149.555155,-28.578278],[149.556548,-28.57877],[149.556872,-28.57911],[149.557053,-28.579505],[149.557322,-28.579804],[149.557597,-28.579899],[149.558227,-28.579497],[149.558724,-28.57889],[149.558501,-28.578411],[149.558074,-28.578163],[149.557552,-28.577378],[149.557512,-28.57702],[149.55768,-28.576673],[149.557885,-28.576597],[149.558625,-28.576697],[149.559335,-28.576579],[149.560093,-28.576215],[149.560799,-28.575662],[149.561634,-28.574478],[149.561963,-28.574201],[149.562257,-28.574109],[149.562531,-28.574192],[149.562736,-28.574908],[149.563105,-28.575208],[149.563891,-28.575213],[149.564479,-28.574946],[149.564801,-28.57461],[149.564995,-28.574142],[149.565077,-28.573638],[149.565042,-28.573089],[149.565182,-28.572729],[149.565598,-28.572562],[149.565984,-28.572671],[149.56671,-28.573443],[149.566753,-28.573806],[149.566977,-28.573995],[149.567166,-28.574017],[149.567342,-28.573923],[149.567648,-28.573554],[149.567927,-28.57303],[149.568081,-28.571996],[149.56816,-28.571744],[149.568365,-28.571592],[149.568923,-28.57152],[149.570745,-28.571824],[149.572377,-28.571908],[149.572682,-28.572096],[149.572927,-28.572414],[149.573175,-28.573611],[149.573328,-28.573837],[149.574006,-28.574109],[149.574811,-28.574105],[149.575556,-28.573706],[149.575777,-28.573459],[149.57592,-28.572734],[149.576286,-28.572502],[149.576925,-28.57252],[149.577134,-28.572747],[149.57721,-28.57363],[149.577559,-28.573943],[149.577919,-28.573962],[149.578141,-28.573826],[149.578498,-28.573044],[149.57875,-28.572828],[149.579158,-28.572686],[149.579751,-28.572637],[149.581178,-28.572939],[149.582132,-28.573453],[149.582969,-28.573751],[149.583256,-28.574272],[149.583818,-28.574539],[149.584421,-28.574634],[149.585216,-28.574422],[149.586216,-28.573601],[149.58689,-28.573377],[149.587241,-28.573377],[149.588232,-28.57382],[149.588478,-28.573766],[149.588791,-28.57397],[149.589185,-28.57519],[149.589344,-28.575449],[149.589993,-28.575837],[149.59132,-28.576101],[149.592048,-28.576146],[149.593164,-28.576083],[149.594076,-28.576513],[149.594316,-28.576806],[149.595671,-28.577749],[149.596005,-28.578237],[149.596038,-28.578605],[149.595942,-28.579269],[149.596009,-28.579406],[149.596413,-28.579549],[149.596649,-28.579347],[149.596673,-28.579035],[149.596826,-28.578885],[149.597201,-28.578814],[149.597616,-28.578862],[149.598328,-28.579849],[149.598567,-28.580707],[149.599259,-28.581365],[149.599268,-28.581725],[149.598788,-28.58231],[149.598795,-28.582446],[149.599126,-28.582679],[149.599249,-28.583181],[149.598935,-28.583549],[149.598432,-28.583647],[149.598105,-28.583532],[149.597647,-28.583525],[149.596941,-28.584139],[149.59691,-28.584446],[149.597278,-28.584756],[149.597631,-28.584889],[149.597662,-28.585251],[149.597475,-28.585434],[149.597289,-28.586039],[149.597272,-28.586864],[149.59741,-28.587189],[149.597476,-28.588358],[149.597739,-28.588888],[149.597947,-28.589009],[149.598212,-28.588891],[149.598168,-28.588611],[149.598261,-28.588283],[149.598494,-28.588072],[149.598987,-28.587821],[149.5993,-28.587835],[149.600701,-28.587205],[149.600998,-28.587208],[149.601893,-28.587752],[149.602303,-28.587792],[149.602682,-28.587594],[149.602802,-28.586541],[149.603045,-28.586126],[149.60329,-28.586053],[149.603581,-28.586121],[149.604152,-28.587056],[149.605972,-28.587749],[149.606062,-28.588119],[149.605734,-28.588531],[149.605382,-28.588573],[149.604572,-28.588218],[149.604007,-28.588236],[149.603619,-28.588445],[149.603313,-28.589039],[149.603308,-28.589285],[149.603407,-28.589502],[149.603865,-28.589995],[149.604306,-28.590874],[149.605681,-28.591466],[149.606063,-28.591887],[149.606151,-28.593019],[149.606458,-28.593572],[149.606572,-28.593968],[149.605381,-28.594944],[149.605075,-28.595465],[149.605098,-28.595971],[149.605377,-28.596227],[149.605415,-28.596609],[149.604893,-28.597179],[149.604921,-28.597658],[149.605101,-28.598061],[149.605501,-28.598313],[149.605911,-28.598322],[149.606863,-28.59814],[149.607266,-28.597654],[149.607854,-28.59739],[149.608443,-28.597386],[149.609126,-28.597723],[149.609648,-28.59772],[149.609907,-28.597386],[149.610312,-28.597418],[149.610415,-28.597591],[149.610478,-28.598107],[149.610406,-28.598793],[149.610256,-28.598915],[149.609965,-28.598912],[149.609655,-28.599119],[149.609483,-28.599521],[149.609608,-28.600066],[149.610517,-28.600539],[149.610963,-28.60109],[149.611329,-28.601101],[149.611618,-28.600972],[149.611992,-28.599947],[149.612473,-28.59967],[149.613052,-28.599894],[149.613521,-28.599928],[149.614173,-28.599622],[149.614554,-28.599565],[149.615356,-28.599062],[149.615799,-28.598677],[149.617137,-28.598565],[149.617743,-28.598633],[149.618322,-28.598869],[149.618628,-28.598878],[149.619116,-28.598119],[149.619778,-28.597995],[149.620087,-28.597806],[149.620209,-28.597324],[149.619603,-28.596371],[149.619681,-28.596178],[149.61989,-28.596063],[149.620733,-28.596228],[149.621177,-28.595952],[149.621618,-28.595892],[149.621917,-28.595721],[149.622328,-28.59496],[149.622707,-28.59481],[149.623044,-28.594889],[149.623418,-28.595335],[149.623765,-28.595445],[149.624261,-28.595223],[149.624137,-28.594653],[149.624178,-28.594449],[149.624988,-28.593515],[149.625444,-28.593556],[149.625685,-28.593858],[149.625753,-28.594424],[149.625867,-28.594678],[149.626681,-28.595731],[149.626852,-28.596112],[149.627171,-28.596274],[149.627442,-28.596264],[149.62863,-28.595814],[149.629433,-28.595258],[149.629626,-28.594942],[149.629804,-28.5949],[149.630673,-28.595248],[149.630738,-28.595747],[149.630212,-28.596135],[149.630171,-28.596478],[149.630355,-28.597491],[149.630536,-28.597878],[149.630943,-28.598158],[149.631213,-28.598209],[149.631649,-28.598073],[149.631885,-28.597819],[149.63197,-28.597131],[149.631937,-28.59663],[149.632361,-28.596163],[149.632593,-28.596215],[149.632851,-28.596489],[149.633384,-28.596732],[149.633756,-28.596474],[149.634023,-28.59581],[149.634644,-28.595465],[149.634868,-28.595452],[149.635106,-28.595598],[149.63532,-28.596001],[149.634953,-28.596904],[149.634612,-28.597261],[149.634684,-28.597554],[149.6354,-28.598154],[149.635958,-28.598145],[149.63618,-28.598296],[149.636049,-28.598729],[149.635774,-28.599181],[149.635903,-28.599546],[149.636452,-28.599741],[149.637722,-28.599738],[149.638168,-28.599473],[149.638197,-28.598668],[149.638683,-28.598227],[149.639217,-28.598117],[149.639626,-28.598189],[149.640136,-28.598436],[149.640465,-28.598698],[149.640436,-28.599099],[149.64013,-28.59988],[149.64014,-28.600201],[149.640342,-28.600516],[149.640617,-28.60057],[149.640829,-28.600314],[149.641138,-28.599241],[149.641564,-28.599071],[149.642088,-28.599199],[149.642269,-28.599472],[149.642252,-28.599744],[149.64197,-28.600017],[149.641977,-28.600312],[149.642133,-28.600517],[149.642875,-28.600628],[149.643003,-28.600745],[149.643012,-28.601296],[149.643125,-28.601826],[149.643479,-28.602127],[149.643884,-28.602306],[149.644127,-28.602545],[149.644672,-28.603384],[149.645234,-28.603652],[149.645439,-28.603921],[149.645459,-28.604198],[149.645271,-28.604779],[149.645325,-28.605062],[149.645835,-28.605836],[149.645806,-28.606322],[149.64568,-28.606474],[149.644951,-28.606634],[149.644586,-28.607099],[149.644656,-28.607544],[149.645321,-28.608655],[149.645248,-28.609179],[149.645353,-28.609505],[149.646031,-28.610281],[149.646763,-28.610297],[149.647795,-28.610631],[149.647859,-28.611084],[149.64721,-28.611788],[149.647181,-28.612098],[149.64756,-28.612296],[149.648553,-28.612256],[149.649176,-28.61249],[149.649757,-28.61257],[149.650118,-28.612813],[149.650399,-28.613485],[149.650969,-28.613813],[149.651447,-28.613853],[149.652347,-28.61368],[149.652841,-28.61342],[149.653346,-28.613305],[149.653674,-28.613361],[149.654224,-28.61399],[149.655186,-28.614689],[149.655797,-28.61535],[149.655813,-28.615645],[149.656045,-28.615887],[149.656323,-28.615928],[149.656691,-28.615613],[149.656465,-28.614657],[149.656596,-28.61433],[149.656865,-28.614245],[149.657064,-28.61429],[149.657305,-28.614558],[149.657638,-28.614668],[149.657879,-28.614644],[149.658026,-28.613804],[149.658977,-28.613124],[149.658955,-28.612915],[149.658297,-28.612172],[149.657937,-28.612168],[149.657626,-28.611909],[149.657549,-28.611598],[149.657967,-28.611297],[149.65832,-28.611284],[149.658812,-28.610797],[149.659311,-28.610642],[149.659792,-28.609683],[149.660086,-28.609521],[149.660295,-28.609505],[149.66067,-28.609668],[149.660796,-28.610389],[149.660926,-28.610442],[149.661337,-28.610332],[149.661792,-28.610435],[149.662151,-28.61091],[149.662359,-28.611627],[149.662715,-28.611926],[149.662983,-28.611737],[149.663378,-28.611805],[149.664031,-28.612263],[149.663975,-28.61293],[149.66433,-28.613399],[149.664265,-28.613527],[149.663866,-28.613614],[149.66359,-28.61389],[149.663494,-28.614201],[149.663767,-28.614857],[149.663675,-28.61511],[149.663723,-28.615309],[149.664374,-28.615474],[149.664629,-28.61575],[149.664458,-28.616053],[149.663848,-28.616291],[149.663662,-28.616461],[149.663345,-28.617314],[149.663492,-28.617642],[149.663848,-28.6178],[149.664299,-28.618517],[149.664718,-28.618742],[149.665352,-28.618665],[149.665939,-28.618428],[149.666169,-28.618472],[149.666304,-28.618684],[149.666167,-28.619102],[149.666201,-28.619297],[149.666313,-28.619611],[149.666436,-28.619722],[149.666612,-28.619737],[149.666878,-28.619568],[149.667077,-28.619282],[149.667277,-28.619251],[149.667727,-28.619509],[149.668277,-28.619508],[149.668446,-28.619634],[149.668549,-28.620033],[149.668735,-28.620144],[149.669141,-28.620036],[149.669385,-28.620175],[149.669353,-28.620611],[149.669636,-28.621016],[149.669984,-28.621064],[149.670731,-28.620979],[149.671008,-28.621139],[149.671073,-28.621368],[149.670834,-28.621685],[149.670561,-28.621815],[149.669977,-28.621737],[149.669632,-28.621877],[149.669425,-28.622107],[149.669314,-28.62247],[149.669404,-28.622638],[149.669553,-28.622703],[149.670203,-28.62258],[149.670298,-28.622745],[149.670104,-28.623165],[149.670161,-28.623418],[149.670341,-28.623658],[149.67062,-28.623792],[149.671696,-28.623874],[149.672266,-28.623791],[149.673196,-28.623923],[149.673192,-28.624231],[149.672751,-28.62432],[149.672408,-28.624891],[149.672504,-28.625541],[149.673001,-28.62584],[149.673188,-28.626127],[149.673153,-28.6264],[149.672845,-28.62675],[149.672457,-28.626801],[149.671747,-28.626613],[149.671144,-28.626776],[149.670687,-28.626627],[149.670571,-28.626337],[149.670154,-28.626208],[149.668313,-28.626364],[149.66816,-28.626628],[149.668328,-28.627241],[149.668088,-28.627519],[149.667986,-28.627781],[149.668103,-28.628046],[149.668352,-28.628234],[149.668727,-28.628272],[149.669279,-28.628078],[149.669632,-28.627532],[149.670056,-28.627346],[149.670928,-28.627333],[149.671535,-28.627785],[149.671669,-28.628135],[149.671582,-28.628621],[149.671332,-28.629114],[149.670819,-28.629259],[149.669958,-28.629126],[149.669537,-28.629192],[149.66943,-28.629359],[149.669382,-28.629705],[149.669821,-28.630065],[149.669835,-28.630318],[149.669624,-28.630581],[149.669413,-28.630681],[149.668753,-28.63069],[149.668351,-28.630839],[149.667579,-28.630905],[149.666728,-28.630564],[149.666161,-28.630709],[149.666003,-28.631126],[149.666064,-28.631486],[149.666281,-28.631897],[149.66673,-28.632132],[149.667325,-28.63232],[149.668252,-28.632346],[149.668631,-28.632456],[149.669028,-28.632737],[149.669186,-28.63301],[149.66951,-28.633162],[149.670757,-28.632706],[149.671084,-28.632273],[149.671342,-28.631785],[149.671451,-28.631296],[149.671779,-28.630771],[149.672169,-28.630693],[149.672658,-28.630724],[149.672792,-28.630905],[149.672754,-28.631895],[149.672645,-28.632097],[149.672449,-28.632269],[149.671831,-28.632249],[149.671684,-28.632372],[149.671612,-28.632564],[149.671961,-28.633577],[149.672309,-28.63386],[149.672618,-28.633954],[149.673182,-28.633805],[149.673342,-28.633609],[149.673379,-28.632942],[149.673667,-28.632339],[149.674166,-28.631738],[149.674426,-28.63169],[149.674654,-28.632121],[149.674882,-28.632357],[149.675128,-28.63247],[149.675368,-28.6324],[149.675336,-28.631902],[149.675423,-28.631682],[149.676559,-28.631373],[149.676842,-28.631406],[149.677117,-28.631716],[149.677181,-28.631909],[149.676951,-28.633424],[149.67705,-28.633848],[149.677989,-28.635013],[149.678452,-28.635034],[149.678663,-28.634839],[149.678791,-28.634516],[149.678446,-28.633793],[149.678487,-28.633293],[149.678658,-28.632815],[149.678804,-28.632697],[149.678989,-28.632681],[149.679113,-28.632822],[149.679306,-28.633466],[149.679913,-28.634343],[149.680275,-28.634474],[149.680768,-28.634423],[149.68158,-28.634053],[149.681736,-28.633905],[149.681829,-28.633665],[149.681796,-28.63349],[149.681609,-28.633302],[149.681134,-28.63317],[149.68019,-28.633293],[149.679992,-28.633222],[149.679847,-28.632778],[149.680037,-28.632334],[149.68019,-28.631219],[149.680529,-28.63094],[149.680563,-28.630619],[149.68088,-28.630565],[149.681308,-28.630769],[149.681809,-28.631226],[149.682218,-28.631428],[149.683351,-28.631496],[149.684562,-28.630799],[149.684545,-28.629907],[149.684913,-28.629629],[149.685364,-28.629482],[149.685642,-28.629494],[149.68594,-28.629724],[149.686175,-28.630527],[149.685845,-28.631087],[149.685837,-28.631275],[149.685968,-28.631509],[149.686505,-28.632027],[149.686632,-28.632489],[149.687028,-28.632568],[149.687158,-28.632733],[149.687575,-28.632865],[149.687978,-28.632832],[149.688276,-28.632616],[149.688472,-28.632296],[149.688528,-28.631916],[149.687902,-28.631012],[149.687766,-28.630628],[149.687824,-28.629415],[149.688417,-28.628833],[149.689465,-28.628391],[149.689913,-28.628427],[149.690446,-28.628803],[149.690526,-28.629003],[149.690469,-28.629244],[149.690239,-28.629515],[149.689889,-28.629689],[149.689273,-28.629784],[149.68893,-28.629952],[149.68879,-28.630146],[149.688842,-28.630439],[149.688984,-28.630588],[149.690012,-28.63072],[149.690443,-28.630912],[149.690503,-28.631141],[149.69013,-28.631336],[149.689985,-28.631668],[149.690726,-28.632822],[149.690998,-28.634092],[149.69112,-28.63432],[149.691249,-28.634358],[149.691426,-28.634287],[149.6917,-28.63389],[149.691868,-28.633138],[149.692704,-28.63213],[149.69304,-28.632057],[149.693274,-28.63209],[149.693511,-28.632429],[149.693525,-28.632765],[149.694162,-28.633627],[149.694493,-28.633604],[149.694747,-28.633277],[149.69495,-28.632825],[149.694952,-28.632307],[149.695207,-28.631743],[149.695573,-28.631417],[149.696052,-28.631184],[149.696711,-28.631117],[149.696906,-28.631306],[149.696923,-28.631559],[149.69644,-28.631864],[149.696404,-28.632111],[149.696497,-28.632312],[149.697176,-28.632473],[149.697566,-28.632782],[149.697791,-28.633186],[149.698142,-28.633379],[149.698422,-28.633322],[149.698543,-28.633179],[149.698356,-28.632636],[149.698371,-28.632252],[149.698548,-28.631797],[149.699193,-28.63118],[149.699695,-28.630551],[149.700105,-28.630352],[149.700452,-28.630388],[149.700874,-28.630637],[149.701086,-28.630819],[149.70112,-28.631068],[149.700195,-28.632268],[149.70009,-28.632524],[149.700275,-28.633163],[149.700478,-28.633252],[149.701082,-28.633079],[149.701279,-28.633115],[149.701817,-28.633687],[149.702429,-28.633939],[149.703965,-28.633913],[149.704292,-28.633834],[149.704699,-28.633551],[149.705363,-28.632474],[149.705741,-28.631522],[149.706764,-28.630315],[149.706778,-28.629994],[149.706642,-28.629569],[149.706477,-28.629503],[149.705863,-28.629748],[149.705273,-28.629801],[149.705051,-28.629617],[149.705264,-28.629314],[149.707086,-28.627785],[149.707164,-28.627486],[149.707051,-28.626852],[149.706906,-28.626683],[149.706612,-28.626641],[149.706326,-28.626699],[149.706018,-28.627293],[149.705471,-28.62766],[149.704901,-28.627819],[149.704199,-28.627636],[149.703886,-28.627222],[149.703848,-28.626973],[149.703254,-28.626306],[149.70321,-28.62591],[149.703345,-28.625433],[149.703705,-28.625175],[149.704178,-28.625118],[149.704793,-28.625216],[149.705804,-28.625851],[149.706206,-28.62583],[149.706387,-28.625696],[149.706617,-28.625215],[149.706565,-28.624873],[149.70627,-28.62439],[149.705724,-28.623809],[149.705731,-28.623488],[149.705415,-28.623063],[149.705563,-28.622668],[149.705832,-28.622575],[149.706177,-28.622641],[149.706575,-28.622833],[149.707244,-28.622785],[149.707505,-28.622537],[149.707863,-28.621947],[149.70867,-28.621856],[149.708895,-28.621701],[149.709141,-28.621199],[149.709378,-28.621034],[149.709695,-28.621],[149.710042,-28.62077],[149.710209,-28.620378],[149.71018,-28.620138],[149.710007,-28.619876],[149.709842,-28.619814],[149.708481,-28.619896],[149.707422,-28.620096],[149.707245,-28.620199],[149.707072,-28.620534],[149.707007,-28.621157],[149.706778,-28.621636],[149.706483,-28.621877],[149.706139,-28.621977],[149.705921,-28.621908],[149.705637,-28.621076],[149.705019,-28.62078],[149.704825,-28.620513],[149.704643,-28.619926],[149.704423,-28.619795],[149.703781,-28.619757],[149.703486,-28.619452],[149.70343,-28.61904],[149.703618,-28.618833],[149.703836,-28.618365],[149.703919,-28.617913],[149.704083,-28.617686],[149.703888,-28.617142],[149.704029,-28.61667],[149.70431,-28.616579],[149.704813,-28.617063],[149.705112,-28.617164],[149.70546,-28.617982],[149.705911,-28.617992],[149.706353,-28.617512],[149.70643,-28.61729],[149.70641,-28.616852],[149.706611,-28.616214],[149.70651,-28.615591],[149.706667,-28.615148],[149.707112,-28.614763],[149.707715,-28.614292],[149.709827,-28.613055],[149.710071,-28.613258],[149.710415,-28.614],[149.710681,-28.614328],[149.710856,-28.614462],[149.711002,-28.614467],[149.711322,-28.614215],[149.711756,-28.613616],[149.712056,-28.613346],[149.711948,-28.613028],[149.7122,-28.61279],[149.712961,-28.612375],[149.713567,-28.612404],[149.713881,-28.612562],[149.714122,-28.612829],[149.713944,-28.613355],[149.713103,-28.613931],[149.712751,-28.614273],[149.712526,-28.614963],[149.712582,-28.615255],[149.713443,-28.616616],[149.71388,-28.616725],[149.714222,-28.616563],[149.715285,-28.615565],[149.715768,-28.615213],[149.716683,-28.614935],[149.717179,-28.614679],[149.717437,-28.614366],[149.717537,-28.614038],[149.717344,-28.613312],[149.717358,-28.613074],[149.717821,-28.612526],[149.718029,-28.611988],[149.718572,-28.611655],[149.718897,-28.611574],[149.719222,-28.611598],[149.720774,-28.61226],[149.721474,-28.612945],[149.7223,-28.613269],[149.722934,-28.613269],[149.723319,-28.613136],[149.723565,-28.612873],[149.723717,-28.612506],[149.723641,-28.612204],[149.723417,-28.611875],[149.721126,-28.611288],[149.720723,-28.611066],[149.720441,-28.610701],[149.720362,-28.610013],[149.720492,-28.609763],[149.72084,-28.609512],[149.721187,-28.609425],[149.721471,-28.609459],[149.722572,-28.609977],[149.722919,-28.610049],[149.723408,-28.609992],[149.723763,-28.609857],[149.724215,-28.609519],[149.724704,-28.609351],[149.72487,-28.6094],[149.72574,-28.610162],[149.726321,-28.610407],[149.727221,-28.610517],[149.72757,-28.610297],[149.728171,-28.610301],[149.728731,-28.610591],[149.729403,-28.610738],[149.729548,-28.610895],[149.729551,-28.611348],[149.729442,-28.611619],[149.729192,-28.611727],[149.726864,-28.6117],[149.726758,-28.611807],[149.726773,-28.611991],[149.727393,-28.612267],[149.728044,-28.612853],[149.728097,-28.613025],[149.728044,-28.613174],[149.727835,-28.613316],[149.727247,-28.613408],[149.726836,-28.613114],[149.726513,-28.61313],[149.726061,-28.613319],[149.725891,-28.613682],[149.726198,-28.61415],[149.726048,-28.614526],[149.725896,-28.614675],[149.725829,-28.615249],[149.726074,-28.61562],[149.726339,-28.615762],[149.727206,-28.615928],[149.727968,-28.615955],[149.728389,-28.615769],[149.728602,-28.615542],[149.728979,-28.615319],[149.729492,-28.615358],[149.729624,-28.615565],[149.72955,-28.616082],[149.729806,-28.616765],[149.730256,-28.617061],[149.73077,-28.617261],[149.731054,-28.617258],[149.731389,-28.617159],[149.731676,-28.616947],[149.731864,-28.616653],[149.73205,-28.616058],[149.731937,-28.615764],[149.732214,-28.615267],[149.732292,-28.614922],[149.732517,-28.614697],[149.732837,-28.614586],[149.733154,-28.61474],[149.733386,-28.615056],[149.733421,-28.615511],[149.733181,-28.615844],[149.733311,-28.616202],[149.733596,-28.616322],[149.734204,-28.616264],[149.734524,-28.616353],[149.734763,-28.616567],[149.734636,-28.616933],[149.734751,-28.617306],[149.735192,-28.617645],[149.735497,-28.617741],[149.735889,-28.617718],[149.73613,-28.617619],[149.736231,-28.617451],[149.736167,-28.617146],[149.735905,-28.616798],[149.735834,-28.616548],[149.735896,-28.616419],[149.736319,-28.6163],[149.736489,-28.616069],[149.736883,-28.615931],[149.737064,-28.616017],[149.73718,-28.616248],[149.737087,-28.616529],[149.737211,-28.616951],[149.737661,-28.61731],[149.738295,-28.617477],[149.739336,-28.617438],[149.740008,-28.617279],[149.740235,-28.617125],[149.740416,-28.616771],[149.740401,-28.616552],[149.739996,-28.616121],[149.739635,-28.615972],[149.73932,-28.615945],[149.738948,-28.615756],[149.738863,-28.615629],[149.738879,-28.615287],[149.739192,-28.614674],[149.739499,-28.614449],[149.740017,-28.614264],[149.740629,-28.613776],[149.741418,-28.613464],[149.741772,-28.613441],[149.741932,-28.61349],[149.74197,-28.613714],[149.741535,-28.614239],[149.74152,-28.61452],[149.741731,-28.614957],[149.741807,-28.615602],[149.741946,-28.615795],[149.742264,-28.615909],[149.742878,-28.615834],[149.74307,-28.6159],[149.743119,-28.616069],[149.742906,-28.616454],[149.742892,-28.616706],[149.743102,-28.617279],[149.743687,-28.617927],[149.744178,-28.61822],[149.744363,-28.618457],[149.744755,-28.618685],[149.744989,-28.618723],[149.745326,-28.618693],[149.745839,-28.618415],[149.746037,-28.618147],[149.746415,-28.617399],[149.746444,-28.616842],[149.746356,-28.616463],[149.74602,-28.615966],[149.745766,-28.615826],[149.745443,-28.615731],[149.744625,-28.615844],[149.744261,-28.615764],[149.744085,-28.615538],[149.74419,-28.615255],[149.744873,-28.615119],[149.745207,-28.61477],[149.745266,-28.613987],[149.745657,-28.613136],[149.745869,-28.612977],[149.746073,-28.612639],[149.746086,-28.612475],[149.746478,-28.612026],[149.746702,-28.611926],[149.746878,-28.611958],[149.747344,-28.612533],[149.747795,-28.612639],[149.748449,-28.611809],[149.748937,-28.611499],[149.749317,-28.611459],[149.749616,-28.611581],[149.749778,-28.611775],[149.750126,-28.612575],[149.750277,-28.612714],[149.750535,-28.612774],[149.750823,-28.612577],[149.750808,-28.612422],[149.750434,-28.611885],[149.750485,-28.611566],[149.750751,-28.611182],[149.751045,-28.61113],[149.751362,-28.611171],[149.751599,-28.611309],[149.751704,-28.611542],[149.75186,-28.612473],[149.751982,-28.612681],[149.752773,-28.612941],[149.753195,-28.612922],[149.753844,-28.613039],[149.754296,-28.612931],[149.754412,-28.61257],[149.754253,-28.612368],[149.753808,-28.612257],[149.753661,-28.612126],[149.753677,-28.611791],[149.753979,-28.611604],[149.754039,-28.611425],[149.754014,-28.611233],[149.753659,-28.61096],[149.753663,-28.610579],[149.75393,-28.610287],[149.754683,-28.609856],[149.755989,-28.609811],[149.756265,-28.609923],[149.756457,-28.610173],[149.756438,-28.610597],[149.755531,-28.611404],[149.755533,-28.611658],[149.757117,-28.612533],[149.757958,-28.612679],[149.758703,-28.613043],[149.759243,-28.613478],[149.759452,-28.613872],[149.759693,-28.61528],[149.759882,-28.615484],[149.760446,-28.615496],[149.760652,-28.615351],[149.761239,-28.61441],[149.761888,-28.613908],[149.762642,-28.61379],[149.763171,-28.613952],[149.763611,-28.614689],[149.763876,-28.614822],[149.764165,-28.614703],[149.764582,-28.61383],[149.764595,-28.613436],[149.764759,-28.613188],[149.764997,-28.613076],[149.765354,-28.613232],[149.765801,-28.613794],[149.766055,-28.614262],[149.766414,-28.614418],[149.767374,-28.614539],[149.767758,-28.614486],[149.768029,-28.6143],[149.76819,-28.614054],[149.768241,-28.613736],[149.768202,-28.613447],[149.767974,-28.61292],[149.767676,-28.612665],[149.767481,-28.612112],[149.767453,-28.611649],[149.767628,-28.611372],[149.767748,-28.61134],[149.767924,-28.611399],[149.76849,-28.611981],[149.76921,-28.612438],[149.770026,-28.612847],[149.770657,-28.613057],[149.77072,-28.613202],[149.77058,-28.61359],[149.770592,-28.613817],[149.770715,-28.614168],[149.770939,-28.614484],[149.771251,-28.614686],[149.771591,-28.614761],[149.772004,-28.614718],[149.772583,-28.614518],[149.773199,-28.613954],[149.773381,-28.612831],[149.773754,-28.61243],[149.77382,-28.612134],[149.773796,-28.611881],[149.773591,-28.611595],[149.773211,-28.611316],[149.773071,-28.611306],[149.772524,-28.611649],[149.771999,-28.611748],[149.771625,-28.61161],[149.771449,-28.611389],[149.771379,-28.611052],[149.771825,-28.610172],[149.772062,-28.609468],[149.772479,-28.609254],[149.772834,-28.609264],[149.773029,-28.609531],[149.773563,-28.609858],[149.773824,-28.609885],[149.774076,-28.609672],[149.77432,-28.609647],[149.774624,-28.609742],[149.774951,-28.60997],[149.775083,-28.610171],[149.775138,-28.610851],[149.77534,-28.61177],[149.775124,-28.612287],[149.775309,-28.612954],[149.775672,-28.613288],[149.776313,-28.613542],[149.776665,-28.613545],[149.777233,-28.613208],[149.777328,-28.612935],[149.777284,-28.612014],[149.777674,-28.611233],[149.778888,-28.610578],[149.779235,-28.610263],[149.779795,-28.610189],[149.780199,-28.610376],[149.78043,-28.610581],[149.780515,-28.611003],[149.780436,-28.611546],[149.780866,-28.612519],[149.781452,-28.612718],[149.782499,-28.611963],[149.782782,-28.611912],[149.783055,-28.612008],[149.783403,-28.612316],[149.783605,-28.612903],[149.783567,-28.613173],[149.783308,-28.613396],[149.783212,-28.613617],[149.783178,-28.613994],[149.783428,-28.614319],[149.783757,-28.614428],[149.784044,-28.614408],[149.784731,-28.614062],[149.785879,-28.614266],[149.786268,-28.614167],[149.78649,-28.614],[149.78657,-28.613783],[149.786542,-28.61345],[149.78618,-28.612466],[149.786234,-28.612021],[149.786582,-28.611808],[149.787282,-28.611799],[149.788565,-28.611991],[149.790754,-28.612016],[149.791253,-28.61188],[149.791537,-28.611704],[149.791665,-28.611468],[149.791819,-28.611359],[149.792591,-28.61114],[149.792848,-28.611195],[149.793204,-28.611481],[149.793806,-28.611516],[149.793986,-28.61143],[149.794602,-28.610327],[149.794914,-28.610203],[149.795335,-28.610116],[149.795807,-28.610176],[149.796515,-28.610521],[149.796873,-28.610574],[149.797724,-28.61042],[149.798481,-28.609624],[149.799134,-28.608738],[149.799878,-28.608259],[149.80006,-28.608053],[149.800751,-28.608296],[149.801287,-28.608937],[149.801303,-28.609104],[149.801096,-28.609457],[149.801138,-28.609783],[149.801324,-28.609947],[149.801649,-28.609878],[149.802499,-28.608712],[149.802581,-28.608305],[149.803312,-28.607651],[149.803532,-28.607579],[149.803896,-28.607596],[149.804928,-28.607926],[149.807207,-28.607664],[149.808014,-28.607503],[149.809218,-28.607694],[149.809934,-28.607682],[149.810657,-28.607526],[149.810775,-28.607271],[149.810628,-28.606952],[149.810694,-28.606529],[149.81089,-28.60632],[149.811346,-28.606077],[149.811669,-28.606068],[149.811872,-28.606222],[149.81214,-28.607044],[149.812589,-28.607675],[149.812631,-28.60795],[149.81247,-28.608238],[149.8125,-28.608641],[149.812823,-28.608827],[149.813093,-28.60869],[149.813455,-28.608284],[149.813923,-28.608138],[149.814171,-28.608193],[149.814824,-28.608856],[149.815304,-28.609536],[149.815613,-28.610223],[149.815761,-28.610786],[149.815696,-28.611343],[149.815757,-28.611833],[149.815981,-28.612304],[149.81635,-28.612527],[149.81675,-28.612615],[149.817082,-28.612581],[149.81732,-28.612731],[149.817975,-28.613798],[149.818037,-28.614117],[149.817857,-28.614454],[149.817759,-28.615106],[149.818045,-28.61551],[149.818227,-28.616046],[149.818435,-28.616356],[149.818747,-28.616588],[149.819376,-28.616828],[149.819877,-28.616792],[149.820153,-28.616689],[149.82045,-28.616319],[149.820459,-28.616038],[149.820348,-28.615715],[149.819749,-28.615275],[149.819502,-28.614731],[149.819559,-28.614106],[149.81991,-28.613339],[149.820143,-28.612378],[149.820503,-28.612099],[149.82184,-28.611703],[149.822231,-28.611187],[149.822327,-28.610022],[149.822142,-28.609369],[149.822192,-28.609092],[149.822353,-28.608968],[149.823758,-28.609035],[149.824179,-28.608848],[149.824854,-28.608739],[149.825413,-28.608778],[149.826061,-28.609018],[149.82681,-28.609117],[149.827069,-28.609037],[149.827286,-28.608679],[149.827266,-28.608348],[149.826717,-28.607299],[149.826754,-28.606987],[149.82688,-28.606812],[149.827133,-28.606721],[149.829226,-28.60667],[149.829543,-28.606582],[149.830102,-28.605939],[149.82997,-28.605275],[149.830042,-28.604796],[149.830678,-28.60407],[149.831406,-28.60381],[149.832654,-28.603845],[149.833177,-28.603537],[149.833537,-28.603425],[149.8339,-28.603452],[149.83445,-28.603555],[149.83587,-28.604274],[149.836464,-28.604358],[149.837282,-28.604301],[149.838028,-28.604132],[149.838664,-28.603825],[149.839252,-28.603942],[149.839952,-28.604449],[149.840341,-28.604929],[149.840585,-28.605521],[149.840605,-28.605859],[149.840702,-28.605978],[149.841694,-28.606222],[149.842414,-28.606687],[149.84266,-28.606987],[149.84359,-28.608336],[149.843647,-28.6086],[149.843397,-28.60914],[149.843378,-28.609403],[149.843579,-28.609992],[149.843905,-28.610281],[149.844305,-28.61049],[149.844938,-28.61059],[149.846806,-28.61042],[149.847275,-28.610227],[149.847648,-28.609755],[149.848232,-28.609216],[149.849036,-28.60934],[149.849601,-28.609205],[149.850016,-28.609014],[149.850333,-28.608616],[149.85034,-28.608119],[149.85022,-28.60785],[149.850439,-28.607738],[149.850762,-28.607298],[149.850848,-28.606102],[149.851041,-28.605782],[149.851719,-28.605344],[149.852223,-28.605299],[149.852364,-28.605388],[149.852498,-28.605706],[149.852776,-28.605937],[149.853395,-28.606113],[149.853653,-28.606092],[149.854327,-28.605805],[149.854424,-28.605673],[149.854387,-28.605465],[149.854121,-28.605092],[149.85408,-28.604677],[149.854426,-28.604385],[149.855058,-28.604503],[149.855698,-28.604944],[149.85667,-28.605428],[149.858052,-28.605501],[149.858205,-28.605688],[149.858223,-28.606542],[149.858468,-28.606848],[149.858739,-28.606986],[149.858902,-28.606984],[149.859033,-28.606844],[149.859375,-28.606934],[149.8598,-28.607263],[149.860152,-28.607291],[149.860646,-28.607161],[149.860794,-28.606872],[149.860908,-28.605961],[149.860456,-28.605388],[149.860401,-28.604985],[149.860465,-28.604832],[149.860755,-28.604667],[149.861096,-28.604642],[149.86267,-28.605338],[149.862909,-28.605269],[149.863188,-28.604997],[149.863214,-28.604829],[149.863095,-28.60452],[149.862116,-28.603607],[149.861788,-28.603027],[149.86174,-28.60262],[149.861871,-28.602467],[149.862126,-28.602415],[149.862657,-28.602543],[149.863332,-28.602902],[149.86422,-28.602749],[149.864719,-28.602848],[149.865488,-28.603481],[149.866471,-28.60382],[149.866633,-28.603942],[149.866866,-28.604441],[149.866802,-28.604713],[149.866328,-28.605205],[149.866375,-28.605347],[149.867047,-28.60583],[149.867529,-28.607232],[149.867698,-28.607404],[149.867959,-28.607499],[149.868266,-28.607471],[149.868837,-28.607118],[149.869391,-28.60646],[149.870446,-28.605605],[149.870875,-28.605512],[149.871076,-28.605561],[149.871161,-28.605788],[149.87106,-28.606573],[149.871109,-28.607021],[149.871279,-28.607302],[149.871528,-28.607467],[149.871787,-28.607489],[149.872071,-28.60739],[149.87242,-28.607017],[149.872552,-28.606572],[149.872285,-28.605972],[149.872021,-28.605847],[149.872052,-28.60542],[149.872428,-28.604517],[149.872792,-28.604106],[149.873187,-28.603938],[149.873744,-28.603523],[149.874118,-28.603516],[149.874771,-28.604139],[149.87493,-28.60542],[149.874627,-28.606656],[149.874627,-28.606918],[149.874851,-28.607407],[149.875747,-28.608276],[149.876049,-28.60843],[149.877125,-28.60854],[149.877343,-28.608626],[149.877459,-28.608823],[149.877694,-28.609867],[149.877658,-28.610124],[149.877471,-28.610383],[149.877099,-28.610664],[149.876898,-28.611012],[149.876886,-28.611259],[149.877482,-28.611988],[149.877704,-28.612093],[149.877967,-28.612074],[149.878602,-28.611608],[149.879545,-28.611237],[149.880388,-28.611359],[149.880569,-28.611315],[149.880754,-28.611141],[149.880835,-28.610776],[149.881053,-28.61048],[149.881619,-28.610078],[149.88219,-28.609823],[149.882512,-28.609859],[149.88264,-28.610054],[149.882644,-28.610425],[149.882168,-28.611762],[149.881906,-28.612772],[149.882054,-28.613464],[149.882325,-28.613716],[149.882665,-28.613687],[149.882902,-28.613549],[149.883004,-28.613111],[149.883283,-28.612503],[149.883754,-28.612343],[149.884806,-28.612511],[149.885138,-28.612724],[149.885412,-28.613612],[149.886241,-28.614322],[149.886511,-28.614361],[149.88674,-28.614299],[149.88691,-28.614131],[149.886886,-28.613856],[149.886741,-28.613556],[149.886183,-28.612951],[149.88625,-28.612609],[149.886488,-28.612508],[149.886703,-28.612479],[149.888023,-28.612791],[149.88907,-28.612689],[149.890499,-28.612691],[149.890733,-28.61305],[149.89115,-28.613397],[149.891339,-28.613754],[149.891164,-28.614135],[149.88997,-28.614206],[149.889587,-28.613983],[149.888897,-28.614016],[149.888427,-28.614171],[149.888031,-28.614431],[149.887716,-28.614454],[149.886787,-28.61497],[149.886704,-28.615169],[149.886734,-28.615534],[149.886878,-28.615729],[149.887822,-28.615982],[149.888207,-28.616294],[149.888934,-28.617092],[149.889161,-28.617585],[149.889133,-28.617983],[149.88941,-28.618402],[149.889547,-28.618929],[149.890092,-28.619368],[149.890345,-28.619381],[149.89071,-28.619212],[149.890839,-28.618941],[149.890855,-28.618282],[149.891646,-28.617524],[149.892265,-28.616713],[149.893174,-28.616033],[149.89379,-28.615968],[149.894184,-28.616132],[149.894268,-28.616391],[149.894952,-28.6172],[149.895096,-28.617938],[149.89485,-28.618402],[149.894834,-28.61864],[149.894947,-28.618828],[149.89571,-28.619098],[149.896942,-28.619029],[149.897245,-28.619108],[149.89745,-28.619286],[149.89755,-28.619509],[149.89753,-28.620028],[149.897289,-28.620644],[149.89723,-28.621071],[149.897382,-28.621621],[149.897812,-28.621953],[149.898302,-28.622167],[149.898929,-28.622109],[149.899645,-28.622202],[149.900221,-28.621911],[149.900279,-28.621764],[149.899941,-28.620784],[149.899234,-28.619953],[149.899227,-28.619822],[149.899345,-28.619672],[149.900115,-28.619579],[149.901262,-28.619192],[149.901948,-28.619308],[149.902364,-28.619644],[149.902626,-28.619738],[149.90352,-28.619909],[149.903845,-28.619805],[149.905055,-28.619133],[149.905718,-28.618388],[149.905735,-28.617986],[149.905467,-28.617792],[149.904447,-28.617577],[149.9036,-28.617234],[149.903304,-28.616865],[149.903132,-28.616312],[149.90309,-28.615838],[149.90315,-28.615566],[149.903472,-28.615227],[149.903771,-28.615041],[149.904368,-28.615056],[149.904826,-28.615389],[149.905223,-28.615254],[149.905322,-28.614843],[149.905228,-28.614213],[149.905279,-28.613867],[149.905592,-28.613537],[149.905955,-28.61339],[149.906703,-28.613605],[149.906884,-28.613757],[149.906835,-28.61461],[149.90698,-28.614849],[149.907442,-28.614945],[149.908125,-28.614394],[149.908479,-28.613984],[149.908874,-28.613214],[149.909135,-28.612996],[149.909514,-28.612305],[149.909505,-28.612169],[149.909251,-28.611757],[149.909273,-28.611582],[149.909001,-28.611412],[149.908754,-28.611105],[149.908532,-28.610996],[149.908415,-28.610816],[149.908418,-28.610623],[149.908603,-28.610463],[149.909647,-28.610367],[149.910127,-28.610197],[149.910921,-28.610203],[149.91126,-28.61004],[149.911623,-28.610022],[149.911896,-28.610575],[149.912264,-28.610774],[149.912419,-28.610691],[149.912827,-28.610007],[149.914361,-28.609382],[149.914559,-28.609378],[149.915162,-28.60967],[149.915839,-28.609791],[149.916318,-28.609607],[149.917082,-28.608189],[149.917331,-28.608143],[149.917626,-28.608296],[149.917821,-28.608623],[149.918173,-28.608926],[149.918157,-28.60921],[149.917997,-28.609485],[149.918035,-28.609864],[149.918447,-28.610114],[149.918794,-28.610096],[149.919376,-28.609572],[149.919818,-28.609681],[149.91984,-28.609979],[149.920115,-28.610234],[149.920533,-28.610368],[149.921018,-28.610408],[149.921561,-28.610615],[149.921793,-28.610599],[149.922025,-28.610343],[149.921819,-28.609922],[149.92197,-28.609695],[149.923059,-28.609512],[149.923472,-28.609581],[149.9239,-28.609438],[149.924249,-28.609076],[149.924774,-28.608945],[149.92501,-28.609009],[149.925223,-28.609269],[149.92522,-28.609571],[149.924859,-28.611293],[149.924906,-28.611405],[149.925317,-28.611425],[149.925987,-28.611099],[149.926617,-28.610546],[149.927016,-28.610624],[149.92748,-28.611026],[149.927905,-28.611115],[149.92825,-28.611326],[149.928817,-28.612114],[149.929215,-28.613088],[149.929388,-28.613315],[149.929655,-28.613452],[149.929873,-28.613457],[149.930314,-28.613227],[149.930358,-28.613053],[149.930157,-28.612252],[149.930296,-28.612062],[149.930547,-28.612],[149.930806,-28.612163],[149.930882,-28.612336],[149.931177,-28.612453],[149.93146,-28.612398],[149.931858,-28.612523],[149.932255,-28.612821],[149.932839,-28.613019],[149.933372,-28.612841],[149.933826,-28.611996],[149.934183,-28.610633],[149.934554,-28.610467],[149.934796,-28.610483],[149.93522,-28.610239],[149.935647,-28.610229],[149.936059,-28.610389],[149.936413,-28.61067],[149.936665,-28.61107],[149.936757,-28.611559],[149.936737,-28.611941],[149.936551,-28.612412],[149.936406,-28.613118],[149.936364,-28.61383],[149.936509,-28.614157],[149.936882,-28.614507],[149.936836,-28.614955],[149.937124,-28.615475],[149.937734,-28.615562],[149.938302,-28.615815],[149.939371,-28.616571],[149.939617,-28.617056],[149.940078,-28.617425],[149.940749,-28.617806],[149.942093,-28.618388],[149.942557,-28.618381],[149.942877,-28.618172],[149.943233,-28.617661],[149.943276,-28.617405],[149.943114,-28.616806],[149.943139,-28.616265],[149.943358,-28.615497],[149.942989,-28.61475],[149.943048,-28.614331],[149.943264,-28.613889],[149.943775,-28.6137],[149.943945,-28.613727],[149.944349,-28.613891],[149.944955,-28.614534],[149.945548,-28.614508],[149.945678,-28.614406],[149.945687,-28.613842],[149.945941,-28.613244],[149.946274,-28.612996],[149.94674,-28.612826],[149.947485,-28.612765],[149.948247,-28.612876],[149.948676,-28.613042],[149.94939,-28.6131],[149.949592,-28.613036],[149.94971,-28.612799],[149.949508,-28.612384],[149.949188,-28.612176],[149.948592,-28.611243],[149.948619,-28.610785],[149.948788,-28.61052],[149.949444,-28.609936],[149.94967,-28.609234],[149.94994,-28.608786],[149.950256,-28.608559],[149.950914,-28.608329],[149.95124,-28.608374],[149.951651,-28.608584],[149.952213,-28.609514],[149.952485,-28.609742],[149.953113,-28.609948],[149.953454,-28.609893],[149.95374,-28.609655],[149.953556,-28.609085],[149.953862,-28.608747],[149.954381,-28.608407],[149.955136,-28.608147],[149.9562,-28.608117],[149.956726,-28.607869],[149.95718,-28.607814],[149.957517,-28.607925],[149.957841,-28.608122],[149.95789,-28.608277],[149.957663,-28.608514],[149.957349,-28.609139],[149.957116,-28.609395],[149.956943,-28.609928],[149.957023,-28.610074],[149.95742,-28.610392],[149.958621,-28.61062],[149.959398,-28.610905],[149.960283,-28.611529],[149.961748,-28.61213],[149.962332,-28.612472],[149.962734,-28.612542],[149.962898,-28.612447],[149.962966,-28.612142],[149.962422,-28.61134],[149.962652,-28.610957],[149.962569,-28.610547],[149.962715,-28.610402],[149.963195,-28.610423],[149.964296,-28.610889],[149.96471,-28.610892],[149.965173,-28.610634],[149.966023,-28.610398],[149.966434,-28.610034],[149.967434,-28.609801],[149.967604,-28.60965],[149.968082,-28.608744],[149.96836,-28.608686],[149.968735,-28.608765],[149.968967,-28.608967],[149.969452,-28.609673],[149.97052,-28.610276],[149.970875,-28.61024],[149.971193,-28.60986],[149.9707,-28.608736],[149.970692,-28.608492],[149.970961,-28.608235],[149.971547,-28.6081],[149.972242,-28.608123],[149.973121,-28.608754],[149.974061,-28.609284],[149.974321,-28.610211],[149.97498,-28.610938],[149.975205,-28.611616],[149.975685,-28.611854],[149.97585,-28.612086],[149.975677,-28.612712],[149.975691,-28.61294],[149.975829,-28.613239],[149.976046,-28.613422],[149.976532,-28.613608],[149.977249,-28.613565],[149.977547,-28.613398],[149.977737,-28.613074],[149.977762,-28.612805],[149.977275,-28.611882],[149.977239,-28.611685],[149.977368,-28.611215],[149.977838,-28.610284],[149.97826,-28.609827],[149.978339,-28.609231],[149.978513,-28.608784],[149.979007,-28.608405],[149.979299,-28.60832],[149.979722,-28.608244],[149.979934,-28.608339],[149.98019,-28.608339],[149.980606,-28.608158],[149.981201,-28.608324],[149.981458,-28.608196],[149.981651,-28.607986],[149.981569,-28.607462],[149.981838,-28.606801],[149.981798,-28.606243],[149.981909,-28.605713],[149.982267,-28.605297],[149.983055,-28.604863],[149.983884,-28.604218],[149.984424,-28.604112],[149.984923,-28.60423],[149.985156,-28.604476],[149.985663,-28.604772],[149.98666,-28.605094],[149.987437,-28.605004],[149.987585,-28.604671],[149.987565,-28.604424],[149.987363,-28.604274],[149.986621,-28.603969],[149.985168,-28.603555],[149.984901,-28.60331],[149.984931,-28.602766],[149.985054,-28.602574],[149.985459,-28.602463],[149.986677,-28.602439],[149.986909,-28.602289],[149.987585,-28.601453],[149.987779,-28.601401],[149.988494,-28.601351],[149.98918,-28.601437],[149.990405,-28.601191],[149.991383,-28.601306],[149.991854,-28.601099],[149.992363,-28.601022],[149.992911,-28.60081],[149.993428,-28.600261],[149.993909,-28.599382],[149.994305,-28.598877],[149.994368,-28.598289],[149.99377,-28.597783],[149.993625,-28.597354],[149.993656,-28.597108],[149.993849,-28.596824],[149.994666,-28.59645],[149.99485,-28.59622],[149.994743,-28.595805],[149.994384,-28.595285],[149.994385,-28.594684],[149.994516,-28.594376],[149.994972,-28.593909],[149.995546,-28.593671],[149.996093,-28.593799],[149.996611,-28.594115],[149.997162,-28.595024],[149.997828,-28.595482],[149.998366,-28.595563],[149.99855,-28.595508],[149.998841,-28.595314],[149.99936,-28.594505],[149.999358,-28.593743],[149.999137,-28.59317],[149.998529,-28.592169],[149.998412,-28.591803],[149.998534,-28.591414],[149.99896,-28.591314],[150.000163,-28.592113],[150.000481,-28.592443],[150.000863,-28.592581],[150.001848,-28.592604],[150.002391,-28.592794],[150.002916,-28.592809],[150.003411,-28.592356],[150.003431,-28.592103],[150.003276,-28.591813],[150.002866,-28.591509],[150.002354,-28.591476],[150.001579,-28.591221],[150.001205,-28.590875],[150.001117,-28.590611],[150.001182,-28.590377],[150.001331,-28.590182],[150.0018,-28.589871],[150.002975,-28.589631],[150.003737,-28.589132],[150.004431,-28.588891],[150.004711,-28.588676],[150.004876,-28.588246],[150.004659,-28.5877],[150.004666,-28.587289],[150.005276,-28.586756],[150.005762,-28.586655],[150.005983,-28.58673],[150.006144,-28.586926],[150.006217,-28.5873],[150.006083,-28.58789],[150.006251,-28.589427],[150.006513,-28.590263],[150.007238,-28.591144],[150.007606,-28.591371],[150.008084,-28.591363],[150.008518,-28.591219],[150.00884,-28.590983],[150.009502,-28.590202],[150.009891,-28.589942],[150.010045,-28.58958],[150.009818,-28.58865],[150.009961,-28.588222],[150.010447,-28.587294],[150.010788,-28.586914],[150.011356,-28.586653],[150.011428,-28.586367],[150.011307,-28.585827],[150.011561,-28.585309],[150.011781,-28.58515],[150.014243,-28.585835],[150.014739,-28.585895],[150.015224,-28.585679],[150.015302,-28.585489],[150.015239,-28.585262],[150.014382,-28.584565],[150.01298,-28.583683],[150.012933,-28.583572],[150.012949,-28.583347],[150.01309,-28.583174],[150.01377,-28.583199],[150.01455,-28.582955],[150.014858,-28.582983],[150.015635,-28.583454],[150.016306,-28.583649],[150.016881,-28.583567],[150.017246,-28.583351],[150.017333,-28.58312],[150.017203,-28.582408],[150.016807,-28.582138],[150.016103,-28.581828],[150.015463,-28.581326],[150.015265,-28.581039],[150.015227,-28.58072],[150.015362,-28.580547],[150.01756,-28.580099],[150.018065,-28.580175],[150.018585,-28.580515],[150.018989,-28.581192],[150.019519,-28.581665],[150.020995,-28.582681],[150.021861,-28.582714],[150.023516,-28.582304],[150.024237,-28.581942],[150.024848,-28.581351],[150.025115,-28.580248],[150.025421,-28.579593],[150.026033,-28.579055],[150.026535,-28.578959],[150.026873,-28.579017],[150.027967,-28.579683],[150.02847,-28.579825],[150.029643,-28.579934],[150.030624,-28.58028],[150.030948,-28.580582],[150.031026,-28.580849],[150.030917,-28.581383],[150.030592,-28.581745],[150.029917,-28.581994],[150.029771,-28.582243],[150.030005,-28.582681],[150.030653,-28.583227],[150.031023,-28.583784],[150.031441,-28.584012],[150.031772,-28.584095],[150.032233,-28.584051],[150.032694,-28.583532],[150.033037,-28.58338],[150.033683,-28.583272],[150.034167,-28.583417],[150.035188,-28.584396],[150.035345,-28.585349],[150.035534,-28.585706],[150.03573,-28.585962],[150.036197,-28.586162],[150.036613,-28.58605],[150.03686,-28.58564],[150.037265,-28.584717],[150.03742,-28.583987],[150.037845,-28.583563],[150.038576,-28.583192],[150.039728,-28.582874],[150.039891,-28.582902],[150.040078,-28.583079],[150.040254,-28.583476],[150.040243,-28.5837],[150.040081,-28.583898],[150.039622,-28.584133],[150.039397,-28.584613],[150.039369,-28.58531],[150.039489,-28.585643],[150.039703,-28.585933],[150.039942,-28.586114],[150.040488,-28.586188],[150.040761,-28.586152],[150.041036,-28.585953],[150.041294,-28.585243],[150.041542,-28.584935],[150.04184,-28.584792],[150.042416,-28.584696],[150.043117,-28.584363],[150.043209,-28.583937],[150.04291,-28.5831],[150.043054,-28.582468],[150.043353,-28.582171],[150.043726,-28.582155],[150.044704,-28.582412],[150.045018,-28.582268],[150.045382,-28.582222],[150.045686,-28.582299],[150.045892,-28.582458],[150.046137,-28.582934],[150.046186,-28.583258],[150.046106,-28.583584],[150.045763,-28.584303],[150.045573,-28.584915],[150.045357,-28.585257],[150.044369,-28.586053],[150.044217,-28.586262],[150.044204,-28.586495],[150.044591,-28.587055],[150.045445,-28.58724],[150.046379,-28.587276],[150.047016,-28.587506],[150.047596,-28.588828],[150.047887,-28.589074],[150.048832,-28.589445],[150.049284,-28.589262],[150.049447,-28.588919],[150.049412,-28.588112],[150.049572,-28.587893],[150.05036,-28.587285],[150.050393,-28.587023],[150.050298,-28.58676],[150.050624,-28.585704],[150.050891,-28.58539],[150.051166,-28.585278],[150.05154,-28.585265],[150.052306,-28.585569],[150.05301,-28.585724],[150.053428,-28.585728],[150.054311,-28.58551],[150.054564,-28.585527],[150.05512,-28.585693],[150.055381,-28.585951],[150.055711,-28.58649],[150.055992,-28.586589],[150.056347,-28.586596],[150.056537,-28.586496],[150.056612,-28.586301],[150.056462,-28.585991],[150.056071,-28.585728],[150.055386,-28.584828],[150.055414,-28.584488],[150.055665,-28.584238],[150.057028,-28.584109],[150.057374,-28.583848],[150.057482,-28.583609],[150.057186,-28.581854],[150.057343,-28.580771],[150.057154,-28.580222],[150.057173,-28.579859],[150.057299,-28.579618],[150.057603,-28.579313],[150.058099,-28.578983],[150.058825,-28.578834],[150.060656,-28.578204],[150.061434,-28.578187],[150.062275,-28.577823],[150.062875,-28.577813],[150.063817,-28.577508],[150.064152,-28.577609],[150.064405,-28.577876],[150.064452,-28.578878],[150.064596,-28.579102],[150.065041,-28.579193],[150.065172,-28.578945],[150.06542,-28.578713],[150.065656,-28.578025],[150.065901,-28.577759],[150.066112,-28.57768],[150.066369,-28.577707],[150.067522,-28.577946],[150.068007,-28.578131],[150.068357,-28.578408],[150.068426,-28.578626],[150.068219,-28.579248],[150.068232,-28.579729],[150.068617,-28.580365],[150.068789,-28.580981],[150.069039,-28.581107],[150.069762,-28.580917],[150.070023,-28.580746],[150.070272,-28.580237],[150.070137,-28.579841],[150.069761,-28.579453],[150.069524,-28.578978],[150.069525,-28.578475],[150.069684,-28.578239],[150.070645,-28.577203],[150.071148,-28.577046],[150.071444,-28.57705],[150.07185,-28.576687],[150.072629,-28.576642],[150.072922,-28.576839],[150.073,-28.577329],[150.072809,-28.577588],[150.07235,-28.577834],[150.071883,-28.578354],[150.071759,-28.578615],[150.071686,-28.579133],[150.071995,-28.579872],[150.072219,-28.58011],[150.07249,-28.580183],[150.073108,-28.580118],[150.073883,-28.580182],[150.074397,-28.579956],[150.074731,-28.580026],[150.074883,-28.580339],[150.07475,-28.581227],[150.074811,-28.581426],[150.075015,-28.581709],[150.075853,-28.582293],[150.076209,-28.582794],[150.076975,-28.58349],[150.077729,-28.583882],[150.078506,-28.584133],[150.080043,-28.58428],[150.080685,-28.583973],[150.082282,-28.582917],[150.082635,-28.582455],[150.082685,-28.582026],[150.082573,-28.581765],[150.082336,-28.581609],[150.081505,-28.581678],[150.080606,-28.581886],[150.080125,-28.581877],[150.079788,-28.581724],[150.079772,-28.581082],[150.080773,-28.579451],[150.08078,-28.579061],[150.080532,-28.578864],[150.080402,-28.578632],[150.080453,-28.57837],[150.080662,-28.578158],[150.080672,-28.577743],[150.08089,-28.577459],[150.081332,-28.577366],[150.081973,-28.577596],[150.082393,-28.57801],[150.083002,-28.578878],[150.083184,-28.579531],[150.083639,-28.580068],[150.084383,-28.580309],[150.08523,-28.580909],[150.085599,-28.580924],[150.085882,-28.580806],[150.086227,-28.580776],[150.086524,-28.580813],[150.087,-28.580696],[150.087382,-28.580379],[150.087615,-28.580015],[150.087949,-28.578912],[150.088003,-28.577282],[150.087807,-28.577067],[150.087593,-28.577066],[150.086864,-28.577344],[150.086588,-28.577349],[150.08596,-28.577166],[150.085084,-28.576641],[150.084944,-28.576284],[150.085057,-28.575771],[150.085287,-28.575635],[150.086425,-28.575851],[150.086709,-28.575823],[150.087209,-28.575445],[150.087537,-28.575343],[150.087768,-28.575386],[150.088438,-28.57576],[150.088897,-28.575824],[150.089766,-28.575381],[150.090143,-28.575409],[150.090479,-28.575611],[150.090605,-28.575832],[150.090459,-28.576673],[150.090118,-28.57692],[150.089564,-28.578008],[150.089623,-28.578355],[150.089806,-28.578709],[150.090442,-28.579124],[150.091108,-28.579329],[150.091873,-28.579241],[150.092256,-28.579072],[150.092764,-28.578428],[150.093049,-28.577833],[150.093194,-28.577289],[150.093169,-28.576368],[150.093716,-28.575515],[150.093832,-28.575035],[150.093848,-28.573672],[150.093497,-28.573067],[150.0926,-28.572396],[150.091907,-28.571693],[150.091605,-28.571088],[150.091599,-28.570047],[150.091516,-28.569605],[150.091107,-28.56905],[150.091013,-28.568655],[150.091516,-28.566993],[150.091531,-28.566543],[150.091019,-28.565806],[150.090949,-28.565262],[150.091088,-28.564849],[150.091327,-28.56462],[150.09221,-28.564059],[150.092618,-28.563958],[150.095407,-28.563821],[150.096031,-28.56338],[150.096458,-28.563223],[150.097068,-28.563309],[150.098133,-28.563886],[150.098604,-28.564567],[150.099013,-28.564988],[150.100193,-28.565735],[150.10064,-28.565929],[150.10111,-28.56602],[150.101515,-28.565982],[150.102931,-28.565092],[150.103348,-28.564943],[150.104142,-28.564945],[150.104452,-28.565072],[150.104894,-28.56546],[150.10503,-28.565775],[150.104794,-28.566759],[150.104815,-28.567346],[150.105212,-28.567745],[150.10722,-28.568379],[150.108579,-28.568666],[150.109758,-28.569835],[150.110166,-28.570112],[150.110672,-28.570287],[150.111144,-28.570344],[150.11151,-28.570189],[150.111761,-28.569932],[150.1118,-28.569308],[150.111499,-28.56878],[150.111371,-28.568307],[150.111483,-28.56814],[150.111744,-28.56797],[150.112245,-28.567927],[150.113731,-28.568324],[150.114926,-28.568478],[150.115173,-28.56833],[150.115356,-28.568098],[150.115586,-28.566998],[150.115836,-28.566567],[150.115811,-28.566294],[150.115566,-28.565812],[150.114742,-28.565297],[150.114612,-28.565052],[150.114646,-28.564649],[150.114426,-28.564244],[150.11319,-28.563895],[150.113003,-28.563629],[150.113057,-28.563137],[150.113201,-28.562845],[150.113698,-28.562554],[150.114125,-28.562572],[150.114598,-28.56284],[150.115505,-28.564004],[150.115851,-28.56415],[150.116565,-28.563951],[150.116885,-28.563698],[150.117057,-28.563407],[150.117023,-28.563119],[150.116907,-28.562954],[150.116631,-28.562726],[150.115944,-28.5624],[150.115831,-28.562227],[150.115953,-28.561907],[150.116187,-28.561764],[150.11728,-28.561989],[150.118154,-28.561795],[150.118684,-28.561767],[150.119437,-28.562056],[150.120017,-28.562617],[150.120693,-28.562746],[150.120982,-28.56258],[150.12104,-28.562265],[150.121037,-28.561825],[150.120816,-28.561002],[150.121017,-28.559977],[150.121213,-28.559745],[150.121578,-28.559644],[150.121876,-28.559752],[150.122322,-28.560076],[150.122972,-28.560844],[150.123643,-28.561054],[150.124091,-28.561348],[150.124377,-28.561735],[150.124418,-28.56221],[150.124987,-28.562825],[150.125008,-28.563875],[150.1254,-28.564592],[150.125986,-28.564943],[150.126293,-28.565008],[150.12652,-28.564963],[150.126734,-28.564812],[150.127128,-28.563458],[150.127489,-28.562913],[150.127826,-28.562626],[150.128263,-28.562518],[150.129279,-28.562617],[150.130088,-28.562556],[150.13058,-28.562708],[150.130613,-28.563212],[150.130448,-28.563532],[150.129598,-28.564293],[150.129529,-28.56454],[150.129572,-28.564885],[150.130354,-28.565324],[150.131616,-28.565642],[150.132796,-28.565547],[150.133038,-28.565448],[150.133729,-28.564794],[150.134323,-28.564582],[150.134373,-28.564284],[150.134252,-28.563714],[150.134049,-28.563475],[150.133191,-28.563441],[150.13233,-28.563694],[150.132021,-28.563565],[150.131888,-28.563195],[150.132212,-28.562749],[150.13234,-28.562373],[150.132853,-28.561513],[150.133581,-28.560968],[150.134814,-28.560857],[150.135424,-28.560675],[150.135814,-28.560158],[150.136359,-28.560034],[150.136517,-28.56009],[150.136806,-28.560514],[150.136853,-28.561432],[150.136657,-28.562267],[150.1367,-28.562357],[150.137233,-28.562658],[150.137359,-28.562882],[150.137248,-28.563098],[150.136892,-28.56336],[150.136286,-28.563456],[150.136196,-28.56388],[150.13719,-28.564614],[150.137447,-28.565137],[150.137704,-28.56536],[150.138099,-28.565481],[150.138465,-28.56545],[150.138904,-28.565198],[150.13916,-28.564883],[150.13927,-28.564471],[150.139262,-28.563994],[150.139053,-28.562891],[150.138914,-28.562609],[150.13878,-28.561911],[150.138756,-28.560949],[150.138591,-28.560506],[150.138609,-28.560299],[150.138742,-28.560102],[150.138937,-28.560037],[150.139693,-28.560111],[150.140318,-28.560008],[150.140989,-28.560177],[150.141257,-28.560422],[150.141479,-28.561186],[150.141769,-28.561563],[150.142369,-28.561884],[150.142866,-28.561942],[150.143171,-28.561803],[150.143717,-28.561293],[150.143853,-28.560951],[150.143995,-28.560086],[150.143866,-28.559626],[150.143607,-28.559272],[150.143294,-28.559089],[150.143031,-28.558805],[150.142975,-28.558429],[150.143156,-28.558031],[150.143434,-28.557671],[150.143765,-28.55747],[150.144005,-28.557441],[150.145062,-28.557674],[150.146573,-28.55835],[150.147125,-28.558483],[150.147696,-28.558502],[150.148192,-28.558291],[150.148351,-28.558062],[150.148312,-28.557636],[150.147629,-28.557078],[150.147576,-28.556468],[150.147931,-28.555058],[150.14786,-28.554358],[150.147458,-28.553773],[150.147342,-28.553365],[150.147392,-28.553069],[150.148108,-28.552416],[150.148558,-28.552288],[150.149202,-28.552371],[150.14975,-28.552348],[150.150125,-28.552194],[150.150377,-28.551809],[150.151498,-28.551329],[150.15167,-28.551101],[150.151692,-28.550626],[150.151933,-28.550371],[150.152531,-28.550196],[150.153192,-28.550254],[150.153504,-28.550437],[150.153698,-28.550739],[150.153448,-28.551332],[150.152712,-28.55205],[150.152701,-28.552317],[150.152844,-28.552403],[150.153543,-28.5525],[150.15411,-28.552748],[150.154311,-28.553094],[150.154207,-28.553434],[150.154056,-28.55352],[150.153629,-28.553589],[150.15309,-28.553431],[150.152321,-28.553445],[150.152143,-28.553635],[150.152137,-28.554561],[150.151613,-28.555188],[150.151551,-28.555451],[150.152004,-28.555785],[150.152186,-28.556078],[150.152373,-28.556808],[150.152632,-28.55715],[150.152892,-28.557283],[150.153751,-28.557268],[150.154259,-28.557406],[150.154651,-28.557307],[150.154887,-28.557105],[150.154939,-28.556783],[150.154778,-28.556413],[150.154136,-28.555771],[150.154032,-28.555578],[150.154083,-28.555321],[150.154519,-28.555044],[150.154897,-28.55495],[150.155122,-28.554992],[150.155284,-28.555161],[150.155509,-28.555763],[150.155752,-28.555864],[150.156335,-28.555618],[150.156975,-28.555471],[150.157094,-28.555315],[150.157196,-28.55469],[150.157513,-28.5544],[150.15786,-28.554321],[150.158296,-28.554362],[150.158549,-28.554528],[150.158791,-28.555155],[150.158993,-28.555298],[150.159256,-28.555334],[150.159787,-28.554653],[150.160205,-28.554463],[150.160974,-28.554425],[150.161428,-28.554686],[150.162424,-28.555697],[150.162847,-28.55586],[150.163255,-28.555763],[150.163349,-28.555556],[150.163378,-28.555065],[150.163704,-28.554664],[150.164046,-28.554454],[150.164635,-28.55428],[150.165106,-28.554288],[150.165484,-28.553927],[150.165689,-28.553211],[150.165827,-28.551962],[150.165965,-28.551593],[150.166329,-28.551211],[150.167207,-28.550681],[150.167812,-28.550494],[150.168259,-28.550472],[150.168652,-28.550595],[150.169075,-28.550938],[150.169367,-28.551401],[150.169512,-28.552105],[150.169454,-28.552785],[150.169774,-28.553227],[150.16992,-28.553862],[150.169906,-28.554185],[150.169777,-28.554436],[150.169534,-28.554655],[150.168946,-28.554921],[150.168086,-28.554747],[150.16743,-28.554827],[150.167187,-28.555105],[150.167097,-28.555428],[150.167133,-28.555627],[150.167334,-28.555793],[150.168323,-28.556017],[150.168923,-28.556317],[150.169189,-28.556643],[150.169331,-28.556994],[150.169574,-28.558348],[150.169361,-28.559092],[150.169341,-28.559514],[150.169603,-28.560004],[150.169805,-28.560203],[150.17003,-28.560692],[150.169845,-28.561985],[150.169917,-28.562682],[150.17033,-28.563411],[150.170487,-28.563512],[150.170903,-28.563561],[150.171188,-28.563487],[150.172094,-28.562856],[150.172349,-28.562426],[150.172367,-28.562102],[150.172275,-28.561762],[150.171953,-28.561175],[150.171754,-28.560359],[150.171805,-28.559841],[150.172002,-28.559502],[150.173241,-28.5588],[150.173951,-28.557932],[150.17431,-28.5578],[150.174858,-28.557859],[150.175144,-28.55801],[150.175594,-28.558915],[150.175772,-28.559103],[150.176111,-28.559234],[150.176543,-28.559231],[150.177213,-28.558998],[150.179934,-28.557474],[150.180703,-28.556459],[150.181148,-28.556225],[150.181641,-28.556235],[150.182572,-28.556472],[150.182864,-28.556679],[150.183146,-28.557066],[150.183279,-28.557522],[150.183258,-28.558103],[150.183148,-28.558453],[150.182694,-28.559155],[150.181822,-28.559972],[150.180454,-28.561057],[150.180317,-28.561373],[150.180445,-28.562202],[150.180278,-28.56249],[150.179922,-28.562722],[150.179027,-28.562751],[150.178119,-28.562568],[150.177651,-28.562657],[150.177281,-28.563032],[150.17731,-28.563382],[150.177497,-28.563652],[150.177706,-28.563696],[150.178632,-28.563535],[150.179121,-28.563743],[150.179843,-28.564389],[150.181139,-28.565156],[150.183333,-28.56567],[150.183673,-28.565673],[150.184032,-28.565444],[150.184357,-28.565101],[150.185156,-28.564857],[150.185615,-28.564919],[150.185843,-28.565108],[150.186069,-28.565626],[150.1869,-28.567041],[150.187061,-28.567849],[150.187243,-28.568295],[150.187153,-28.568565],[150.186774,-28.568911],[150.18435,-28.568858],[150.183746,-28.568642],[150.183438,-28.568292],[150.182879,-28.567913],[150.182467,-28.567927],[150.181431,-28.568425],[150.181093,-28.568789],[150.181079,-28.569144],[150.181217,-28.569568],[150.181533,-28.569937],[150.182023,-28.570215],[150.183025,-28.571171],[150.183636,-28.571559],[150.185282,-28.571991],[150.185478,-28.57213],[150.185777,-28.572635],[150.186008,-28.572848],[150.186382,-28.573017],[150.186879,-28.573042],[150.188165,-28.572255],[150.18844,-28.571907],[150.188608,-28.571112],[150.188805,-28.570739],[150.189476,-28.570359],[150.189657,-28.570121],[150.189672,-28.569854],[150.189144,-28.569348],[150.18897,-28.568959],[150.188955,-28.568469],[150.189177,-28.567993],[150.190238,-28.567073],[150.191817,-28.566661],[150.192326,-28.566724],[150.192969,-28.566938],[150.194105,-28.567777],[150.19515,-28.567984],[150.195383,-28.567956],[150.196378,-28.567125],[150.19675,-28.567043],[150.197115,-28.56707],[150.198035,-28.567288],[150.198978,-28.567838],[150.199842,-28.568612],[150.200464,-28.568772],[150.201067,-28.569084],[150.202,-28.569965],[150.202393,-28.570501],[150.202478,-28.570791],[150.202424,-28.571105],[150.202245,-28.571378],[150.202209,-28.571668],[150.202219,-28.57214],[150.202333,-28.57246],[150.202636,-28.572763],[150.203547,-28.573248],[150.204726,-28.57354],[150.205677,-28.573556],[150.206157,-28.573268],[150.20629,-28.572992],[150.207562,-28.572572],[150.208204,-28.572604],[150.209025,-28.572946],[150.209712,-28.573709],[150.210614,-28.574102],[150.211962,-28.574169],[150.212586,-28.574299],[150.213167,-28.57397],[150.213527,-28.573357],[150.213646,-28.572902],[150.213546,-28.572619],[150.212794,-28.571433],[150.212746,-28.570665],[150.212999,-28.570176],[150.212904,-28.569641],[150.212497,-28.569222],[150.21239,-28.56878],[150.212442,-28.568305],[150.21298,-28.567693],[150.213728,-28.567235],[150.214578,-28.567128],[150.215533,-28.567167],[150.216341,-28.567476],[150.217484,-28.568373],[150.217502,-28.568679],[150.217802,-28.56878],[150.218219,-28.568744],[150.218568,-28.568524],[150.218747,-28.568181],[150.218857,-28.567328],[150.219202,-28.566845],[150.2195,-28.566645],[150.219789,-28.566628],[150.220094,-28.566721],[150.221107,-28.56739],[150.221531,-28.567489],[150.222546,-28.567295],[150.223352,-28.567473],[150.224838,-28.56826],[150.226627,-28.568653],[150.227152,-28.568559],[150.228453,-28.567761],[150.228836,-28.567159],[150.22885,-28.566328],[150.228988,-28.5657],[150.229343,-28.565192],[150.229567,-28.565043],[150.230455,-28.563892],[150.230971,-28.563433],[150.232373,-28.562944],[150.23267,-28.56276],[150.233721,-28.56078],[150.233723,-28.560259],[150.23344,-28.559916],[150.232575,-28.559522],[150.231538,-28.559477],[150.230268,-28.559151],[150.229767,-28.558779],[150.229531,-28.558311],[150.229522,-28.557995],[150.229702,-28.557117],[150.22924,-28.556547],[150.229231,-28.556305],[150.229938,-28.555735],[150.230667,-28.555632],[150.231128,-28.555662],[150.232032,-28.556152],[150.232758,-28.556824],[150.233666,-28.557492],[150.234796,-28.55802],[150.235166,-28.558462],[150.235717,-28.559426],[150.235901,-28.559642],[150.23625,-28.55986],[150.237854,-28.560105],[150.238576,-28.559976],[150.239309,-28.559361],[150.239437,-28.559089],[150.239491,-28.558636],[150.239286,-28.557668],[150.238925,-28.557251],[150.238109,-28.556711],[150.236812,-28.55608],[150.236064,-28.556069],[150.235734,-28.555986],[150.23543,-28.555693],[150.235288,-28.555362],[150.23521,-28.554614],[150.235278,-28.554393],[150.235621,-28.553926],[150.236671,-28.553617],[150.237364,-28.553676],[150.238308,-28.554076],[150.239523,-28.554185],[150.24039,-28.553944],[150.240868,-28.553606],[150.241495,-28.552576],[150.241865,-28.552411],[150.242311,-28.552446],[150.242634,-28.552825],[150.243115,-28.554279],[150.24336,-28.554545],[150.243709,-28.554739],[150.243965,-28.554772],[150.245813,-28.55342],[150.246499,-28.553462],[150.247369,-28.553215],[150.248469,-28.552635],[150.248901,-28.552179],[150.251652,-28.548096],[150.252386,-28.547402],[150.25385,-28.546443],[150.255059,-28.545818],[150.256622,-28.545454],[150.259313,-28.545246],[150.260727,-28.545029],[150.26127,-28.544867],[150.2636,-28.54362],[150.265917,-28.541735],[150.267561,-28.540564],[150.268462,-28.540122],[150.270251,-28.539584],[150.271431,-28.539501],[150.27253,-28.539694],[150.274057,-28.540663],[150.275746,-28.541514],[150.276718,-28.5419],[150.280636,-28.542781],[150.281253,-28.542868],[150.282112,-28.542814],[150.282887,-28.542543],[150.283524,-28.542112],[150.285237,-28.540021],[150.286557,-28.538753],[150.288574,-28.53744],[150.289103,-28.537281],[150.290064,-28.537188],[150.291359,-28.537299],[150.292904,-28.53767],[150.294932,-28.538937],[150.295781,-28.539665],[150.29603,-28.539978],[150.296362,-28.540683],[150.296552,-28.541776],[150.296614,-28.542679],[150.296835,-28.543678],[150.297043,-28.544068],[150.2975,-28.544774],[150.299737,-28.547691],[150.300532,-28.548497],[150.300926,-28.548725],[150.302153,-28.548986],[150.303871,-28.548953],[150.30476,-28.549096],[150.309252,-28.550629],[150.309808,-28.551],[150.310378,-28.551615],[150.311421,-28.553515],[150.311813,-28.554047],[150.312657,-28.554955],[150.313172,-28.555362],[150.313685,-28.555559],[150.316018,-28.555567],[150.317246,-28.555669],[150.318101,-28.555857],[150.319397,-28.55644],[150.320156,-28.556956],[150.320969,-28.557956],[150.321242,-28.558777],[150.32129,-28.560992],[150.321419,-28.561848],[150.323091,-28.566602],[150.324041,-28.567901],[150.326496,-28.570127],[150.327872,-28.571109],[150.32963,-28.572082],[150.330712,-28.572402],[150.332499,-28.572583],[150.33543,-28.573188],[150.337886,-28.573857],[150.340201,-28.574691],[150.341635,-28.574991],[150.344746,-28.575048],[150.346766,-28.575299],[150.347636,-28.575242],[150.349052,-28.57497],[150.349466,-28.574811],[150.350059,-28.574797],[150.350317,-28.574868],[150.350575,-28.575056],[150.351064,-28.575767],[150.351129,-28.576211],[150.350766,-28.577271],[150.349391,-28.579586],[150.34913,-28.580455],[150.349078,-28.58115],[150.349327,-28.582785],[150.349832,-28.583909],[150.351007,-28.585753],[150.351526,-28.586745],[150.352207,-28.587581],[150.352938,-28.588229],[150.353994,-28.588915],[150.354906,-28.589269],[150.355937,-28.589399],[150.358009,-28.589901],[150.358941,-28.589894],[150.360232,-28.589545],[150.361438,-28.588839],[150.361735,-28.588775],[150.362474,-28.58888],[150.362831,-28.589067],[150.363154,-28.589319],[150.36341,-28.589767],[150.363553,-28.590534],[150.363586,-28.591251],[150.363497,-28.592078],[150.362722,-28.594308],[150.362601,-28.595762],[150.362641,-28.596242],[150.362821,-28.596751],[150.363496,-28.597452],[150.36472,-28.597509],[150.366459,-28.597407],[150.367486,-28.597633],[150.368228,-28.598276],[150.368393,-28.598932],[150.368011,-28.601071],[150.366943,-28.603415],[150.366009,-28.604636],[150.364568,-28.605132],[150.363762,-28.605646],[150.363528,-28.605983],[150.363335,-28.606603],[150.363305,-28.607381],[150.363537,-28.608136],[150.364151,-28.608793],[150.364498,-28.608934],[150.366689,-28.6091],[150.366981,-28.609177],[150.367651,-28.609632],[150.368096,-28.609741],[150.36904,-28.6097],[150.369519,-28.609775],[150.370019,-28.610109],[150.370314,-28.610504],[150.370548,-28.611411],[150.370508,-28.611694],[150.369791,-28.612572],[150.369326,-28.613006],[150.368718,-28.613236],[150.368573,-28.61344],[150.368888,-28.615377],[150.369554,-28.617502],[150.369636,-28.61823],[150.369532,-28.618934],[150.369326,-28.619503],[150.369363,-28.620087],[150.369498,-28.620402],[150.370145,-28.621136],[150.370896,-28.621656],[150.371604,-28.622006],[150.373742,-28.622364],[150.374602,-28.622903],[150.376702,-28.625036],[150.377915,-28.626076],[150.378931,-28.626901],[150.379613,-28.627151],[150.380373,-28.62726],[150.381096,-28.627209],[150.382936,-28.626321],[150.383806,-28.626062],[150.384703,-28.626073],[150.386197,-28.625883],[150.386694,-28.626034],[150.387077,-28.626496],[150.387178,-28.626983],[150.387091,-28.627678],[150.386687,-28.628738],[150.385661,-28.62977],[150.384973,-28.630838],[150.384825,-28.631648],[150.385048,-28.632243],[150.386168,-28.633114],[150.387517,-28.633807],[150.388555,-28.63394],[150.389227,-28.63423],[150.390608,-28.634412],[150.391682,-28.634032],[150.393789,-28.632244],[150.394953,-28.631535],[150.396256,-28.630273],[150.396357,-28.629619],[150.396481,-28.629341],[150.39689,-28.62897],[150.397881,-28.628692],[150.398282,-28.62842],[150.399083,-28.628474],[150.399734,-28.628338],[150.400087,-28.627797],[150.400543,-28.62743],[150.401039,-28.627249],[150.401605,-28.627177],[150.402175,-28.62729],[150.402627,-28.627556],[150.402805,-28.627873],[150.403255,-28.628134],[150.404149,-28.629242],[150.404349,-28.629573],[150.404311,-28.630548],[150.404446,-28.630985],[150.406845,-28.632362],[150.40885,-28.634023],[150.409427,-28.634328],[150.41006,-28.634365],[150.410482,-28.634037],[150.411177,-28.633656],[150.411868,-28.633447],[150.412395,-28.633448],[150.41291,-28.633506],[150.414185,-28.633879],[150.414812,-28.63424],[150.41531,-28.634621],[150.415881,-28.635532],[150.415897,-28.63606],[150.415828,-28.636494],[150.415628,-28.637011],[150.415292,-28.639579],[150.415681,-28.640803],[150.415918,-28.642431],[150.415813,-28.64542],[150.415501,-28.646373],[150.414894,-28.646952],[150.414558,-28.647107],[150.414033,-28.646929],[150.41297,-28.647081],[150.412295,-28.64753],[150.412039,-28.647822],[150.411972,-28.648226],[150.412126,-28.648676],[150.412158,-28.649117],[150.412548,-28.650034],[150.412885,-28.650428],[150.414071,-28.651471],[150.41438,-28.651998],[150.416027,-28.652265],[150.416671,-28.651691],[150.416663,-28.651523],[150.416815,-28.65127],[150.417185,-28.651069],[150.417696,-28.650961],[150.418298,-28.650716],[150.420886,-28.650231],[150.422751,-28.650198],[150.42389,-28.650373],[150.425579,-28.651063],[150.4265,-28.651617],[150.427891,-28.652209],[150.428418,-28.652586],[150.429227,-28.653417],[150.432226,-28.655247],[150.432853,-28.655719],[150.434392,-28.657652],[150.43718,-28.66145],[150.438424,-28.662403],[150.440446,-28.663651],[150.442156,-28.664295],[150.446304,-28.665011],[150.449141,-28.665594],[150.451751,-28.665763],[150.452329,-28.665985],[150.453027,-28.665952],[150.453565,-28.665696],[150.454053,-28.665278],[150.455422,-28.663743],[150.455786,-28.663542],[150.456239,-28.663461],[150.456684,-28.663553],[150.457054,-28.663755],[150.457518,-28.664262],[150.457553,-28.664546],[150.457345,-28.665539],[150.457316,-28.666077],[150.457398,-28.666495],[150.457826,-28.667137],[150.458143,-28.668273],[150.458306,-28.668555],[150.458609,-28.668804],[150.458925,-28.66896],[150.459271,-28.668997],[150.460084,-28.668845],[150.461045,-28.66848],[150.463392,-28.667275],[150.465757,-28.666289],[150.466519,-28.665523],[150.467754,-28.664509],[150.467957,-28.66424],[150.469662,-28.663615],[150.470099,-28.663284],[150.470977,-28.6623],[150.471293,-28.662104],[150.471814,-28.661981],[150.47257,-28.661465],[150.472796,-28.661026],[150.472984,-28.660837],[150.473287,-28.660699],[150.473663,-28.660688],[150.473909,-28.660762],[150.474135,-28.660943],[150.474521,-28.661972],[150.474985,-28.662622],[150.475566,-28.663081],[150.475985,-28.663255],[150.476454,-28.663397],[150.47768,-28.663455],[150.478286,-28.66359],[150.478832,-28.663872],[150.479702,-28.664082],[150.480527,-28.664039],[150.481406,-28.663738],[150.482795,-28.663091],[150.48391,-28.662197],[150.484666,-28.660196],[150.485019,-28.659766],[150.485323,-28.659574],[150.485464,-28.659335],[150.485376,-28.658831],[150.485441,-28.658066],[150.485634,-28.657729],[150.486322,-28.657359],[150.487005,-28.657342],[150.487451,-28.657555],[150.488716,-28.657912],[150.489722,-28.658441],[150.490159,-28.658813],[150.492196,-28.659228],[150.494064,-28.659331],[150.497467,-28.65928],[150.49942,-28.659426],[150.501429,-28.660142],[150.502574,-28.660762],[150.504048,-28.661227],[150.507466,-28.66175],[150.510399,-28.661914],[150.512931,-28.662297],[150.513844,-28.662307],[150.516208,-28.661913],[150.517549,-28.661567],[150.518785,-28.66077],[150.519321,-28.66009],[150.520064,-28.657697],[150.520799,-28.656018],[150.521162,-28.655641],[150.521781,-28.65531],[150.524573,-28.654486],[150.526269,-28.654734],[150.527616,-28.655206],[150.528233,-28.655639],[150.528706,-28.655781],[150.529531,-28.655869],[150.530224,-28.655767],[150.530428,-28.655366],[150.530693,-28.655323],[150.531499,-28.655558],[150.532308,-28.655929],[150.533203,-28.656435],[150.533774,-28.656868],[150.535266,-28.657584],[150.535807,-28.657634],[150.536462,-28.657533],[150.537079,-28.657161],[150.537409,-28.6571],[150.537733,-28.657241],[150.537967,-28.657453],[150.538241,-28.658321],[150.538614,-28.658991],[150.539223,-28.659774],[150.539286,-28.660048],[150.538697,-28.661258],[150.537976,-28.661962],[150.536933,-28.662547],[150.536132,-28.662713],[150.535563,-28.662467],[150.534482,-28.662297],[150.534016,-28.661999],[150.533492,-28.661837],[150.533084,-28.661769],[150.532404,-28.66181],[150.531864,-28.662082],[150.531101,-28.662714],[150.530194,-28.663799],[150.529791,-28.664101],[150.528377,-28.664781],[150.527801,-28.665139],[150.52703,-28.665413],[150.525559,-28.665553],[150.525284,-28.665791],[150.525249,-28.665996],[150.525278,-28.666507],[150.525637,-28.667281],[150.526327,-28.668175],[150.527466,-28.669331],[150.52975,-28.670347],[150.530302,-28.670325],[150.530881,-28.670492],[150.5313,-28.670743],[150.531734,-28.671177],[150.533026,-28.67163],[150.534176,-28.672214],[150.534583,-28.672282],[150.534971,-28.672449],[150.535626,-28.672426],[150.536535,-28.672022],[150.53707,-28.671426],[150.537507,-28.671105],[150.537986,-28.670896],[150.539508,-28.670894],[150.540286,-28.671033],[150.541485,-28.671511],[150.54424,-28.671859],[150.545213,-28.67165],[150.545541,-28.671321],[150.54564,-28.670982],[150.546501,-28.670465],[150.547309,-28.670606],[150.547511,-28.670782],[150.548192,-28.670847],[150.55001,-28.671213],[150.550249,-28.67142],[150.551023,-28.6716],[150.55151,-28.671518],[150.552206,-28.67078],[150.553215,-28.668826],[150.553777,-28.667256],[150.554493,-28.665783],[150.554545,-28.664983],[150.55442,-28.664272],[150.554183,-28.663955],[150.553426,-28.663331],[150.552246,-28.662782],[150.551494,-28.661875],[150.550154,-28.660916],[150.549479,-28.66053],[150.548682,-28.659906],[150.548356,-28.659767],[150.548286,-28.65952],[150.548317,-28.658194],[150.548889,-28.657845],[150.549908,-28.655912],[150.550257,-28.65546],[150.550898,-28.654888],[150.55205,-28.654117],[150.552466,-28.653974],[150.552688,-28.653639],[150.553363,-28.653287],[150.553898,-28.653294],[150.554893,-28.653577],[150.555935,-28.654039],[150.556233,-28.654537],[150.556621,-28.654828],[150.557111,-28.655594],[150.557161,-28.656682],[150.557341,-28.657441],[150.558755,-28.659297],[150.55919,-28.660083],[150.55925,-28.660599],[150.55973,-28.661689],[150.560353,-28.66191],[150.56089,-28.662304],[150.561965,-28.662262],[150.562978,-28.66193],[150.563239,-28.661462],[150.563077,-28.660821],[150.563192,-28.660547],[150.563681,-28.660149],[150.564082,-28.659948],[150.565704,-28.659827],[150.566047,-28.659671],[150.566285,-28.659492],[150.566347,-28.658996],[150.566453,-28.658764],[150.566901,-28.658518],[150.567915,-28.658351],[150.568256,-28.658218],[150.568774,-28.658258],[150.570119,-28.65933],[150.572244,-28.658845],[150.573579,-28.658751],[150.574737,-28.658405],[150.576483,-28.657579],[150.578603,-28.656282],[150.57945,-28.655967],[150.580625,-28.655833],[150.581591,-28.655948],[150.582592,-28.656339],[150.584407,-28.657488],[150.586628,-28.659146],[150.587282,-28.659495],[150.588567,-28.659858],[150.589484,-28.65995],[150.590577,-28.660244],[150.591957,-28.660835],[150.592587,-28.661131],[150.593847,-28.661924],[150.59528,-28.663105],[150.596413,-28.663888],[150.598378,-28.664405],[150.599945,-28.665075],[150.600308,-28.665519],[150.600652,-28.666328],[150.600862,-28.667676],[150.600681,-28.668312],[150.60021,-28.66909],[150.599736,-28.669483],[150.599463,-28.669956],[150.599666,-28.670657],[150.600452,-28.671328],[150.601985,-28.671448],[150.604476,-28.670972],[150.604847,-28.67097],[150.606257,-28.671137],[150.608102,-28.671559],[150.610361,-28.671692],[150.613216,-28.67265],[150.61354,-28.672891],[150.614231,-28.673176],[150.615758,-28.673549],[150.617267,-28.673599],[150.61769,-28.673923],[150.617981,-28.673995],[150.618525,-28.673427],[150.618897,-28.672532],[150.619095,-28.671741],[150.619529,-28.670676],[150.619704,-28.670452],[150.619913,-28.669542],[150.620079,-28.66929],[150.620387,-28.669065],[150.62282,-28.668976],[150.62438,-28.669219],[150.624927,-28.669192],[150.625394,-28.669047],[150.626406,-28.669333],[150.626669,-28.669609],[150.62682,-28.669963],[150.626941,-28.670398],[150.626392,-28.671739],[150.626483,-28.672143],[150.626878,-28.672917],[150.62723,-28.673243],[150.627658,-28.673292],[150.628583,-28.674129],[150.629424,-28.674627],[150.629636,-28.674849],[150.63056,-28.675313],[150.630932,-28.67559],[150.631351,-28.676736],[150.631667,-28.67696],[150.632229,-28.67709],[150.632591,-28.676997],[150.632894,-28.676788],[150.633513,-28.67609],[150.634357,-28.674758],[150.635461,-28.672121],[150.63893,-28.667737],[150.640367,-28.666244],[150.64152,-28.665359],[150.642302,-28.66496],[150.646441,-28.663717],[150.647973,-28.663055],[150.649469,-28.662159],[150.65216,-28.660816],[150.655683,-28.659953],[150.658582,-28.659112],[150.661594,-28.657578],[150.664806,-28.656546],[150.665567,-28.65608],[150.66646,-28.655057],[150.667366,-28.654541],[150.668447,-28.654397],[150.669346,-28.654145],[150.66957,-28.653911],[150.670214,-28.653843],[150.670757,-28.652907],[150.67117,-28.652575],[150.671887,-28.651633],[150.672978,-28.650638],[150.673421,-28.650462],[150.673652,-28.650519],[150.674308,-28.651179],[150.674756,-28.651471],[150.67515,-28.651509],[150.675832,-28.651782],[150.676178,-28.652105],[150.676335,-28.652437],[150.676309,-28.652888],[150.675835,-28.653427],[150.675679,-28.65439],[150.675815,-28.65529],[150.676055,-28.655747],[150.677336,-28.657282],[150.677911,-28.658331],[150.6785,-28.65968],[150.678854,-28.660179],[150.679508,-28.660827],[150.67991,-28.661013],[150.680282,-28.661498],[150.681371,-28.661674],[150.681754,-28.66155],[150.682004,-28.661217],[150.682536,-28.661],[150.683768,-28.659806],[150.684112,-28.65931],[150.685253,-28.65885],[150.685836,-28.658721],[150.686921,-28.658733],[150.687888,-28.658185],[150.688678,-28.656978],[150.691504,-28.65415],[150.692013,-28.653895],[150.69277,-28.653778],[150.693685,-28.653939],[150.698142,-28.655147],[150.699797,-28.655381],[150.701364,-28.655359],[150.702626,-28.655039],[150.704125,-28.654377],[150.706142,-28.653258],[150.707947,-28.652908],[150.709551,-28.652157],[150.710293,-28.651188],[150.710369,-28.650644],[150.710013,-28.649929],[150.709605,-28.649558],[150.709176,-28.648436],[150.708894,-28.647953],[150.708888,-28.647673],[150.709185,-28.647004],[150.709988,-28.646094],[150.71027,-28.645515],[150.710665,-28.645191],[150.711112,-28.645023],[150.712259,-28.644951],[150.71299,-28.645131],[150.717089,-28.643625],[150.719608,-28.642583],[150.720862,-28.642449],[150.724245,-28.640969],[150.724919,-28.640462],[150.725561,-28.639698],[150.726385,-28.639266],[150.726648,-28.638867],[150.72669,-28.638479],[150.727046,-28.638099],[150.727064,-28.637813],[150.726917,-28.637556],[150.726785,-28.637489],[150.726117,-28.637434],[150.72575,-28.637284],[150.725655,-28.636844],[150.726762,-28.635827],[150.727284,-28.635564],[150.728674,-28.635215],[150.728928,-28.634924],[150.72955,-28.634813],[150.730379,-28.634863],[150.731238,-28.63531],[150.733368,-28.635209],[150.7373,-28.634761],[150.740358,-28.635156],[150.741486,-28.635125],[150.744102,-28.634547],[150.745172,-28.63479],[150.745331,-28.63511],[150.745331,-28.635357],[150.745571,-28.635637],[150.745854,-28.635715],[150.747358,-28.635137],[150.74886,-28.634696],[150.7494,-28.634645],[150.750381,-28.634278],[150.751259,-28.63425],[150.752093,-28.634697],[150.752856,-28.635622],[150.752881,-28.636102],[150.754336,-28.638533],[150.754247,-28.639747],[150.754374,-28.640089],[150.754971,-28.640292],[150.756152,-28.64032],[150.757377,-28.639703],[150.758972,-28.639794],[150.761007,-28.639659],[150.763172,-28.639222],[150.763503,-28.63907],[150.76367,-28.639073],[150.76383,-28.639312],[150.764036,-28.639354],[150.764485,-28.639111],[150.764794,-28.638663],[150.765454,-28.638375],[150.766438,-28.638293],[150.766893,-28.638458],[150.767152,-28.638463],[150.768346,-28.639246],[150.768874,-28.639811],[150.769021,-28.640322],[150.769969,-28.641027],[150.771371,-28.642942],[150.77145,-28.644103],[150.772025,-28.644775],[150.772395,-28.644976],[150.772957,-28.644997],[150.774111,-28.645197],[150.774919,-28.645524],[150.775837,-28.645576],[150.777155,-28.64519],[150.777854,-28.6449],[150.778583,-28.644909],[150.779162,-28.645284],[150.779813,-28.645374],[150.781013,-28.64519],[150.781405,-28.645202],[150.782485,-28.645526],[150.785474,-28.648045],[150.78758,-28.649426],[150.789814,-28.651485],[150.791998,-28.652254],[150.792904,-28.653613],[150.793965,-28.654718],[150.794949,-28.655368],[150.795319,-28.655371],[150.795934,-28.655577],[150.796333,-28.656128],[150.79654,-28.656134],[150.796814,-28.656009],[150.797916,-28.656048],[150.798273,-28.65579],[150.798246,-28.655422],[150.798441,-28.655117],[150.798685,-28.654322],[150.798971,-28.654078],[150.799226,-28.653975],[150.800008,-28.653979],[150.800743,-28.653845],[150.80169,-28.653791],[150.802365,-28.653879],[150.803355,-28.653666],[150.804497,-28.653704],[150.80791,-28.655447],[150.809033,-28.655921],[150.811044,-28.656473],[150.814834,-28.657671],[150.815457,-28.657609],[150.816163,-28.657686],[150.817793,-28.657482],[150.818597,-28.657553],[150.819209,-28.657956],[150.819315,-28.658327],[150.819261,-28.658977],[150.818977,-28.659848],[150.818286,-28.660888],[150.817949,-28.661155],[150.817155,-28.661292],[150.81678,-28.661502],[150.816454,-28.661927],[150.81635,-28.662485],[150.816499,-28.663253],[150.81648,-28.663758],[150.817134,-28.664334],[150.817854,-28.665465],[150.818251,-28.666275],[150.818774,-28.666694],[150.819567,-28.667155],[150.820049,-28.667198],[150.820709,-28.667102],[150.823,-28.667146],[150.824319,-28.666988],[150.828522,-28.667188],[150.831778,-28.667945],[150.833054,-28.668417],[150.834681,-28.669206],[150.836343,-28.670177],[150.83884,-28.672254],[150.839294,-28.672514],[150.839807,-28.672646],[150.84052,-28.672636],[150.841297,-28.672277],[150.843485,-28.672084],[150.843821,-28.672204],[150.844189,-28.672731],[150.84571,-28.672846],[150.847185,-28.673083],[150.849048,-28.673719],[150.849937,-28.674476],[150.850218,-28.675263],[150.850258,-28.675594],[150.850636,-28.676332],[150.850939,-28.676654],[150.851409,-28.676869],[150.851936,-28.677713],[150.852092,-28.678315],[150.852037,-28.679747],[150.852186,-28.680187],[150.855654,-28.683094],[150.856208,-28.683319],[150.857907,-28.683647],[150.858424,-28.68415],[150.858823,-28.684851],[150.858889,-28.685242],[150.859973,-28.685938],[150.861692,-28.686783],[150.863497,-28.688262],[150.863803,-28.688305],[150.864648,-28.687995],[150.865803,-28.687348],[150.867207,-28.686897],[150.868015,-28.686313],[150.868453,-28.685837],[150.869169,-28.685665],[150.87005,-28.686264],[150.87094,-28.687323],[150.871014,-28.687681],[150.870835,-28.688093],[150.871247,-28.688463],[150.871715,-28.688732],[150.872372,-28.689891],[150.872446,-28.690158],[150.872341,-28.690703],[150.872328,-28.691671],[150.872422,-28.692494],[150.872696,-28.693018],[150.87328,-28.693776],[150.874064,-28.694394],[150.874421,-28.694464],[150.877173,-28.693546],[150.877822,-28.692304],[150.878625,-28.691161],[150.879053,-28.690014],[150.879244,-28.6897],[150.880253,-28.689051],[150.88152,-28.689019],[150.883111,-28.689955],[150.883514,-28.690004],[150.884035,-28.690199],[150.884431,-28.690495],[150.884672,-28.690872],[150.884748,-28.69119],[150.88469,-28.691487],[150.884896,-28.692393],[150.884783,-28.693362],[150.884533,-28.693849],[150.884423,-28.695033],[150.884619,-28.695496],[150.885896,-28.695844],[150.887568,-28.695556],[150.888898,-28.695656],[150.890267,-28.695359],[150.890934,-28.695005],[150.891399,-28.694321],[150.891486,-28.692666],[150.891969,-28.691224],[150.892549,-28.690359],[150.893605,-28.689147],[150.894052,-28.688735],[150.894725,-28.688474],[150.896839,-28.688308],[150.8992,-28.687493],[150.899948,-28.687377],[150.90087,-28.687441],[150.901773,-28.687651],[150.903834,-28.687326],[150.904299,-28.68732],[150.90486,-28.687406],[150.905666,-28.687683],[150.907436,-28.688525],[150.907939,-28.6889],[150.90887,-28.690423],[150.909548,-28.691309],[150.910244,-28.692414],[150.910415,-28.693888],[150.911262,-28.6951],[150.911384,-28.695399],[150.912541,-28.696288],[150.913679,-28.696963],[150.914367,-28.697693],[150.915416,-28.698518],[150.916702,-28.698707],[150.917322,-28.699158],[150.91767,-28.699581],[150.918878,-28.70033],[150.919612,-28.700668],[150.919848,-28.700701],[150.920326,-28.700624],[150.92113,-28.700296],[150.921732,-28.700186],[150.922325,-28.699292],[150.92306,-28.698845],[150.923849,-28.698768],[150.924763,-28.699019],[150.925189,-28.699511],[150.926472,-28.700461],[150.926919,-28.700912],[150.928145,-28.702795],[150.930061,-28.704394],[150.930614,-28.705109],[150.931033,-28.705875],[150.931341,-28.706964],[150.931614,-28.709038],[150.93161,-28.712781],[150.932092,-28.714223],[150.932424,-28.715745],[150.932351,-28.716944],[150.932491,-28.718023],[150.932818,-28.719536],[150.932823,-28.719934],[150.932735,-28.72032],[150.932441,-28.720821],[150.932242,-28.721359],[150.932221,-28.721682],[150.932404,-28.722346],[150.932603,-28.722788],[150.932873,-28.723121],[150.933361,-28.72335],[150.93542,-28.723948],[150.937569,-28.725023],[150.938182,-28.725656],[150.938441,-28.72635],[150.938396,-28.726833],[150.938251,-28.727218],[150.93792,-28.7277],[150.93788,-28.728714],[150.938214,-28.729373],[150.938012,-28.729885],[150.937986,-28.730332],[150.93781,-28.73063],[150.937969,-28.730916],[150.93842,-28.731247],[150.939411,-28.731232],[150.9403,-28.730673],[150.941486,-28.729539],[150.942395,-28.728912],[150.943014,-28.728642],[150.943668,-28.728523],[150.944014,-28.728541],[150.945517,-28.728836],[150.94592,-28.728823],[150.946161,-28.728913],[150.946542,-28.729207],[150.947126,-28.730296],[150.947499,-28.730738],[150.94779,-28.731814],[150.947482,-28.732786],[150.94746,-28.733797],[150.948216,-28.734487],[150.949703,-28.735041],[150.951483,-28.735905],[150.952439,-28.736701],[150.953839,-28.737133],[150.954764,-28.737201],[150.955216,-28.737131],[150.955816,-28.736737],[150.957043,-28.735443],[150.957483,-28.735267],[150.958077,-28.735226],[150.958459,-28.735431],[150.959397,-28.735678],[150.960259,-28.735632],[150.960657,-28.735747],[150.961137,-28.736312],[150.96169,-28.736697],[150.962208,-28.737355],[150.962668,-28.737659],[150.963343,-28.737839],[150.964006,-28.737744],[150.964714,-28.737424],[150.966184,-28.736339],[150.967055,-28.735063],[150.968965,-28.732938],[150.969617,-28.732449],[150.970428,-28.732074],[150.971292,-28.731831],[150.971837,-28.731871],[150.97277,-28.732089],[150.97741,-28.732594],[150.979489,-28.732628],[150.979739,-28.732849],[150.980515,-28.734355],[150.981196,-28.734987],[150.982124,-28.735623],[150.98342,-28.736168],[150.984861,-28.73643],[150.987191,-28.736302],[150.988225,-28.736099],[150.989548,-28.73607],[150.990307,-28.736267],[150.99234,-28.737605],[150.993784,-28.738241],[150.994394,-28.73833],[150.996078,-28.738153],[150.997602,-28.738089],[150.998693,-28.738188],[150.999914,-28.738614],[151.00036,-28.738867],[151.002178,-28.740352],[151.002891,-28.740702],[151.004036,-28.740871],[151.004502,-28.74055],[151.005692,-28.740179],[151.006573,-28.74037],[151.008035,-28.740423],[151.008474,-28.740818],[151.009342,-28.741026],[151.009923,-28.740947],[151.010484,-28.741317],[151.010651,-28.741674],[151.01107,-28.743483],[151.011999,-28.744525],[151.013691,-28.74574],[151.015189,-28.746153],[151.017122,-28.747326],[151.020361,-28.750145],[151.021763,-28.751181],[151.023839,-28.752383],[151.024566,-28.753062],[151.025639,-28.754378],[151.026172,-28.755168],[151.026606,-28.756148],[151.026875,-28.757075],[151.027151,-28.75946],[151.027618,-28.760783],[151.028225,-28.761975],[151.02836,-28.762634],[151.028779,-28.766968],[151.029157,-28.768417],[151.0291,-28.769498],[151.028533,-28.770532],[151.027147,-28.771202],[151.025196,-28.771089],[151.021308,-28.771094],[151.020888,-28.771295],[151.019568,-28.771329],[151.019017,-28.771775],[151.018587,-28.773111],[151.018645,-28.773438],[151.019399,-28.774296],[151.019875,-28.774472],[151.021102,-28.774572],[151.022717,-28.775338],[151.02336,-28.775841],[151.023756,-28.776347],[151.024386,-28.77753],[151.024717,-28.779746],[151.025816,-28.781957],[151.026326,-28.784385],[151.026279,-28.786121],[151.025953,-28.788522],[151.025701,-28.789546],[151.024421,-28.791626],[151.024111,-28.792599],[151.024087,-28.793484],[151.024205,-28.793692],[151.025216,-28.794012],[151.026397,-28.793931],[151.028962,-28.794056],[151.031877,-28.793774],[151.03328,-28.793931],[151.034207,-28.794365],[151.035511,-28.795357],[151.037073,-28.797112],[151.037699,-28.797602],[151.037991,-28.797724],[151.03884,-28.797796],[151.03964,-28.797706],[151.040461,-28.797483],[151.041089,-28.797634],[151.041321,-28.79786],[151.041696,-28.798964],[151.042073,-28.799758],[151.04247,-28.801246],[151.042703,-28.801597],[151.042689,-28.802096],[151.042325,-28.802905],[151.041817,-28.803269],[151.041464,-28.804073],[151.041306,-28.806401],[151.040973,-28.807953],[151.040886,-28.810118],[151.04096,-28.811985],[151.041304,-28.813671],[151.042095,-28.814975],[151.042259,-28.815764],[151.042184,-28.815974],[151.041867,-28.816307],[151.040775,-28.81678],[151.040026,-28.816914],[151.03881,-28.817353],[151.037984,-28.817873],[151.037585,-28.818435],[151.03726,-28.819217],[151.037114,-28.819933],[151.03694,-28.824663],[151.036714,-28.825113],[151.03657,-28.825693],[151.036603,-28.826187],[151.03674,-28.826658],[151.03725,-28.827881],[151.039386,-28.829881],[151.040212,-28.830088],[151.040414,-28.830321],[151.041017,-28.831601],[151.041562,-28.832165],[151.042386,-28.832462],[151.042763,-28.832753],[151.042993,-28.833079],[151.043117,-28.833665],[151.043085,-28.834613],[151.042682,-28.835243],[151.042423,-28.835472],[151.041877,-28.835632],[151.041303,-28.835999],[151.039964,-28.836132],[151.039522,-28.836306],[151.039219,-28.83653],[151.03901,-28.837011],[151.038867,-28.837804],[151.038915,-28.838305],[151.039194,-28.838825],[151.039826,-28.83913],[151.042948,-28.839766],[151.043461,-28.840041],[151.0436,-28.840248],[151.043661,-28.841009],[151.043612,-28.841973],[151.043731,-28.842679],[151.04398,-28.843443],[151.044402,-28.843892],[151.046361,-28.845258],[151.046884,-28.845351],[151.047496,-28.845189],[151.049205,-28.843794],[151.049625,-28.843604],[151.050247,-28.843548],[151.051107,-28.843747],[151.051702,-28.844118],[151.052069,-28.84446],[151.053018,-28.844923],[151.053348,-28.845255],[151.053554,-28.84578],[151.053458,-28.846463],[151.052955,-28.847083],[151.051827,-28.84801],[151.051582,-28.848351],[151.051584,-28.848716],[151.051965,-28.849273],[151.052272,-28.849485],[151.05312,-28.849764],[151.05369,-28.849818],[151.056601,-28.848532],[151.057287,-28.847814],[151.05786,-28.846988],[151.058359,-28.84647],[151.058843,-28.846251],[151.063385,-28.845826],[151.06546,-28.845794],[151.066505,-28.845497],[151.067713,-28.844908],[151.068468,-28.844812],[151.07043,-28.845204],[151.07149,-28.844912],[151.071899,-28.844211],[151.071955,-28.843068],[151.071528,-28.841337],[151.07217,-28.840705],[151.073259,-28.840076],[151.077628,-28.838204],[151.078198,-28.838048],[151.079652,-28.836659],[151.080301,-28.836193],[151.080509,-28.835837],[151.081493,-28.834898],[151.082663,-28.834515],[151.084922,-28.834519],[151.087786,-28.834739],[151.088694,-28.834866],[151.090408,-28.835299],[151.091749,-28.835716],[151.093044,-28.836624],[151.09473,-28.83733],[151.095888,-28.838244],[151.09684,-28.838391],[151.098014,-28.838158],[151.099625,-28.836498],[151.100295,-28.836377],[151.101604,-28.836419],[151.102237,-28.836557],[151.102826,-28.836393],[151.103328,-28.836584],[151.103842,-28.837376],[151.104082,-28.838118],[151.103789,-28.839188],[151.103931,-28.839368],[151.104381,-28.839495],[151.104563,-28.840131],[151.104538,-28.840374],[151.104044,-28.840721],[151.103667,-28.841187],[151.103554,-28.84212],[151.104149,-28.843591],[151.104491,-28.844069],[151.105442,-28.844787],[151.105802,-28.844764],[151.10628,-28.844314],[151.107048,-28.842631],[151.107363,-28.842491],[151.108624,-28.842729],[151.108899,-28.842996],[151.109481,-28.843919],[151.110787,-28.84535],[151.11147,-28.846263],[151.112097,-28.846732],[151.114075,-28.847871],[151.114223,-28.848065],[151.114522,-28.849569],[151.115041,-28.85038],[151.115349,-28.850528],[151.117301,-28.850922],[151.118761,-28.850922],[151.122845,-28.850347],[151.123968,-28.85027],[151.125149,-28.850556],[151.125955,-28.851256],[151.126419,-28.851784],[151.126765,-28.852382],[151.127127,-28.853362],[151.127765,-28.853995],[151.127873,-28.854617],[151.127753,-28.855176],[151.130732,-28.859173],[151.131898,-28.860063],[151.136248,-28.861483],[151.137344,-28.862347],[151.139152,-28.86301],[151.139792,-28.863091],[151.140364,-28.863021],[151.140956,-28.862791],[151.141631,-28.862231],[151.141948,-28.861608],[151.14188,-28.861131],[151.142062,-28.860828],[151.142436,-28.860641],[151.142724,-28.860313],[151.143068,-28.860163],[151.143574,-28.860149],[151.143825,-28.860272],[151.144049,-28.860586],[151.145265,-28.861107],[151.146609,-28.861933],[151.149469,-28.864389],[151.150207,-28.864907],[151.151616,-28.865439],[151.152207,-28.865557],[151.153618,-28.865552],[151.154695,-28.865468],[151.156867,-28.865057],[151.157801,-28.865001],[151.159674,-28.865139],[151.161065,-28.86538],[151.161697,-28.865737],[151.162115,-28.866138],[151.162819,-28.867143],[151.162919,-28.867459],[151.162915,-28.870062],[151.163027,-28.870328],[151.163545,-28.870894],[151.164469,-28.871423],[151.166041,-28.872812],[151.166677,-28.873541],[151.167086,-28.873705],[151.168388,-28.87479],[151.169267,-28.875722],[151.170853,-28.877092],[151.171151,-28.877426],[151.171356,-28.877844],[151.17154,-28.878384],[151.171654,-28.879139],[151.171932,-28.879639],[151.172269,-28.879997],[151.172985,-28.880302],[151.174707,-28.880639],[151.17573,-28.880586],[151.176436,-28.880228],[151.178442,-28.880449],[151.179061,-28.880208],[151.181016,-28.87869],[151.182495,-28.878199],[151.182958,-28.878134],[151.184,-28.87822],[151.184689,-28.87861],[151.185211,-28.879066],[151.186461,-28.879727],[151.189089,-28.880673],[151.190325,-28.880942],[151.192512,-28.881617],[151.193575,-28.882091],[151.19558,-28.883272],[151.196657,-28.883716],[151.197796,-28.883774],[151.199589,-28.884255],[151.200665,-28.885412],[151.201753,-28.886013],[151.203,-28.887173],[151.20329,-28.888389],[151.203856,-28.889413],[151.206342,-28.891437],[151.206773,-28.891979],[151.207045,-28.89301],[151.207157,-28.894365],[151.206727,-28.89554],[151.206761,-28.897886],[151.207007,-28.898337],[151.208925,-28.899512],[151.210331,-28.900769],[151.211298,-28.90124],[151.212532,-28.902066],[151.213841,-28.90356],[151.214966,-28.904299],[151.218065,-28.905742],[151.219669,-28.906359],[151.220654,-28.906845],[151.225567,-28.907584],[151.227357,-28.908391],[151.228449,-28.908683],[151.229384,-28.908803],[151.230297,-28.908651],[151.231202,-28.908212],[151.232102,-28.906808],[151.232459,-28.905637],[151.233664,-28.904655],[151.234115,-28.904561],[151.234641,-28.904803],[151.235911,-28.905701],[151.237294,-28.906996],[151.238029,-28.907982],[151.238629,-28.909303],[151.239523,-28.913029],[151.240222,-28.915193],[151.240419,-28.916251],[151.240352,-28.917408],[151.240476,-28.919831],[151.241409,-28.922233],[151.241862,-28.922901],[151.242318,-28.923373],[151.243546,-28.924187],[151.244143,-28.924363],[151.24567,-28.924558],[151.24759,-28.925478],[151.248995,-28.925645],[151.25014,-28.92619],[151.251485,-28.927646],[151.252711,-28.928181],[151.253904,-28.928815],[151.255336,-28.929838],[151.257812,-28.932061],[151.258804,-28.932397],[151.260178,-28.932397],[151.263377,-28.931942],[151.264263,-28.93211],[151.265017,-28.932422],[151.265216,-28.932673],[151.265329,-28.934285],[151.265465,-28.934739],[151.266156,-28.935446],[151.267612,-28.936247],[151.268663,-28.936506],[151.270366,-28.936715],[151.272326,-28.937445],[151.272956,-28.93788],[151.27334,-28.937911],[151.273809,-28.9378],[151.274166,-28.937912],[151.274742,-28.938575],[151.275144,-28.93963],[151.275248,-28.940681],[151.275861,-28.942717],[151.276978,-28.944179],[151.278364,-28.945409],[151.279033,-28.945835],[151.280501,-28.947225],[151.281612,-28.949009],[151.281645,-28.949983],[151.281864,-28.951769],[151.28186,-28.952411],[151.281172,-28.95589],[151.281143,-28.957314],[151.281531,-28.958088],[151.281527,-28.958492],[151.281158,-28.959546],[151.279989,-28.960193],[151.279865,-28.960568],[151.279924,-28.961309],[151.280088,-28.961809],[151.280455,-28.962417],[151.280628,-28.963033],[151.280706,-28.963831],[151.280423,-28.964971],[151.279651,-28.965714],[151.278603,-28.966235],[151.276086,-28.966501],[151.275408,-28.966748],[151.274638,-28.967208],[151.273885,-28.967258],[151.273317,-28.967698],[151.272466,-28.968982],[151.272208,-28.969825],[151.271951,-28.971608],[151.271939,-28.972733],[151.272731,-28.973957],[151.273376,-28.974341],[151.274343,-28.974771],[151.276042,-28.975386],[151.277448,-28.976517],[151.279235,-28.978466],[151.28118,-28.979488],[151.281761,-28.980148],[151.282087,-28.98096],[151.282081,-28.981705],[151.28171,-28.982579],[151.280591,-28.983308],[151.279696,-28.983698],[151.277949,-28.984104],[151.276858,-28.984466],[151.276623,-28.984709],[151.276391,-28.987063],[151.277134,-28.991769],[151.278692,-28.99686],[151.27931,-28.997769],[151.281315,-29.000125],[151.28316,-29.002701],[151.283675,-29.003776],[151.284031,-29.005312],[151.284102,-29.006822],[151.283429,-29.012597],[151.283521,-29.01459],[151.283812,-29.016075],[151.283672,-29.017155],[151.283505,-29.017495],[151.282796,-29.018074],[151.282138,-29.019542],[151.280922,-29.02051],[151.280185,-29.020886],[151.277846,-29.022345],[151.275004,-29.023807],[151.273983,-29.024654],[151.273775,-29.025287],[151.273787,-29.025775],[151.273016,-29.027395],[151.272271,-29.02786],[151.271723,-29.028693],[151.271561,-29.029332],[151.271676,-29.030392],[151.271801,-29.030692],[151.273586,-29.032475],[151.274382,-29.033572],[151.276381,-29.03571],[151.276756,-29.035832],[151.277842,-29.035745],[151.280358,-29.035771],[151.282634,-29.03545],[151.283693,-29.035391],[151.284949,-29.035546],[151.285881,-29.036146],[151.28651,-29.036742],[151.286602,-29.037416],[151.285626,-29.038648],[151.285412,-29.039454],[151.285331,-29.042948],[151.285807,-29.044295],[151.286,-29.045631],[151.285547,-29.046366],[151.285791,-29.047397],[151.286124,-29.048077],[151.286749,-29.048627],[151.28715,-29.048785],[151.287649,-29.049348],[151.288294,-29.049535],[151.290036,-29.05049],[151.290545,-29.051096],[151.2904,-29.052608],[151.290071,-29.053734],[151.288833,-29.056078],[151.288242,-29.05697],[151.28778,-29.057208],[151.287268,-29.057229],[151.286716,-29.057035],[151.285988,-29.057241],[151.285687,-29.057517],[151.28542,-29.058162],[151.285099,-29.059294],[151.284961,-29.060856],[151.285623,-29.062593],[151.285754,-29.064834],[151.285509,-29.065447],[151.284428,-29.065958],[151.283239,-29.066962],[151.28184,-29.068397],[151.281092,-29.070207],[151.279316,-29.072933],[151.277937,-29.074497],[151.277461,-29.074888],[151.276676,-29.075177],[151.275131,-29.076424],[151.275112,-29.07664],[151.275329,-29.077116],[151.275119,-29.077885],[151.274628,-29.081833],[151.275054,-29.08268],[151.278071,-29.084429],[151.279017,-29.085855],[151.279191,-29.086534],[151.27927,-29.087095],[151.279238,-29.088249],[151.279038,-29.088715],[151.27843,-29.089159],[151.278152,-29.090015],[151.278224,-29.092653],[151.278461,-29.095406],[151.278842,-29.097327],[151.279076,-29.09915],[151.280467,-29.102157],[151.281153,-29.103325],[151.281856,-29.10431],[151.282933,-29.105294],[151.284925,-29.106],[151.28647,-29.107269],[151.287537,-29.108621],[151.288591,-29.110729],[151.288816,-29.11201],[151.289162,-29.112617],[151.290346,-29.113887],[151.291768,-29.114115],[151.292837,-29.113728],[151.293684,-29.113067],[151.294853,-29.112665],[151.297829,-29.112604],[151.298871,-29.112801],[151.301073,-29.114013],[151.303225,-29.116227],[151.303492,-29.116651],[151.304076,-29.118008],[151.304425,-29.119287],[151.304542,-29.12083],[151.304259,-29.121138],[151.306296,-29.123634],[151.307779,-29.125173],[151.311098,-29.129719],[151.311566,-29.130141],[151.312029,-29.130376],[151.312634,-29.130442],[151.31409,-29.132042],[151.314513,-29.132897],[151.315761,-29.134305],[151.316074,-29.134766],[151.317582,-29.137512],[151.318008,-29.138057],[151.318127,-29.138508],[151.317938,-29.139012],[151.316621,-29.139887],[151.31574,-29.140002],[151.314631,-29.140685],[151.311643,-29.143039],[151.310547,-29.144433],[151.30931,-29.146588],[151.309254,-29.147257],[151.309623,-29.148679],[151.309367,-29.150286],[151.309641,-29.15357],[151.311516,-29.155357],[151.311951,-29.156342],[151.312244,-29.157408],[151.312077,-29.158227],[151.312249,-29.160011],[151.311887,-29.161165],[151.312066,-29.161927],[151.312667,-29.163059],[151.313399,-29.163986],[151.314838,-29.16523],[151.315111,-29.16571],[151.315596,-29.166093],[151.316409,-29.166253],[151.31721,-29.166113],[151.317769,-29.165879],[151.319638,-29.165869],[151.320781,-29.166096],[151.322251,-29.166676],[151.325148,-29.168495],[151.327746,-29.170357],[151.330887,-29.172167],[151.33355,-29.173841],[151.334894,-29.174831],[151.335343,-29.175502],[151.33573,-29.177929],[151.33747,-29.178982],[151.338427,-29.179266],[151.341218,-29.17861],[151.342266,-29.178201],[151.347008,-29.177009],[151.349832,-29.175791],[151.351484,-29.175881],[151.35211,-29.175996],[151.353201,-29.17572],[151.355904,-29.174247],[151.356664,-29.174031],[151.357334,-29.173523],[151.357654,-29.173163],[151.357928,-29.172579],[151.358469,-29.172279],[151.360333,-29.172327],[151.361684,-29.172482],[151.363016,-29.172349],[151.36456,-29.172775],[151.365081,-29.173295],[151.366041,-29.174055],[151.367706,-29.174459],[151.369011,-29.174637],[151.376944,-29.176801],[151.37997,-29.176995],[151.383885,-29.176062],[151.384866,-29.175492],[151.385875,-29.175162],[151.387552,-29.175145],[151.388878,-29.175521],[151.392767,-29.177011],[151.394116,-29.178028],[151.395425,-29.17733],[151.397415,-29.175386],[151.399065,-29.174282],[151.401529,-29.17204],[151.402117,-29.171349],[151.402303,-29.170676],[151.402185,-29.170033],[151.402373,-29.168696],[151.402525,-29.165856],[151.402925,-29.165162],[151.403758,-29.164047],[151.404472,-29.163826],[151.405479,-29.162895],[151.406669,-29.160826],[151.408773,-29.155876],[151.409265,-29.154911],[151.409893,-29.153933],[151.411818,-29.15252],[151.412677,-29.152],[151.413552,-29.151727],[151.415084,-29.151097],[151.415402,-29.150892],[151.415909,-29.150438],[151.416323,-29.149769],[151.416304,-29.14928],[151.416467,-29.149166],[151.419847,-29.148662],[151.42009,-29.148804],[151.420299,-29.149075],[151.420767,-29.14919],[151.422192,-29.149333],[151.423627,-29.149276],[151.424944,-29.149034],[151.425605,-29.148746],[151.426268,-29.148323],[151.427405,-29.147865],[151.428578,-29.147122],[151.429487,-29.146312],[151.430076,-29.145113],[151.430808,-29.14199],[151.431155,-29.141288],[151.432354,-29.140094],[151.438495,-29.136681],[151.441115,-29.13507],[151.447505,-29.130859],[151.449307,-29.129155],[151.451558,-29.127435],[151.452744,-29.126252],[151.453176,-29.125444],[151.454203,-29.124441],[151.454475,-29.123437],[151.455288,-29.122302],[151.457162,-29.118628],[151.457829,-29.117142],[151.459483,-29.112124],[151.459602,-29.10966],[151.459992,-29.109044],[151.460462,-29.10774],[151.460512,-29.106887],[151.461079,-29.104458],[151.461294,-29.104001],[151.461605,-29.102427],[151.461424,-29.101319],[151.461613,-29.100523],[151.462036,-29.099573],[151.462941,-29.098313],[151.463579,-29.097885],[151.464296,-29.097922],[151.464883,-29.097611],[151.465839,-29.097282],[151.469279,-29.095172],[151.470463,-29.094628],[151.473103,-29.093787],[151.473622,-29.093287],[151.473923,-29.093149],[151.474086,-29.092593],[151.476729,-29.091305],[151.478465,-29.09099],[151.48316,-29.089811],[151.484723,-29.089586],[151.48534,-29.089335],[151.486031,-29.088828],[151.487207,-29.087626],[151.489532,-29.082678],[151.48978,-29.081696],[151.490313,-29.080997],[151.491483,-29.077933],[151.492799,-29.076544],[151.493549,-29.075901],[151.494148,-29.075155],[151.494431,-29.074631],[151.494447,-29.074261],[151.494192,-29.073424],[151.493393,-29.071987],[151.493428,-29.071771],[151.495172,-29.070572],[151.495701,-29.070457],[151.496739,-29.070394],[151.498117,-29.07099],[151.498364,-29.07135],[151.49921,-29.072198],[151.499897,-29.072683],[151.500433,-29.072436],[151.501581,-29.071576],[151.502775,-29.069867],[151.503472,-29.068002],[151.503485,-29.067444],[151.503442,-29.067116],[151.503066,-29.066645],[151.502375,-29.065521],[151.501563,-29.064933],[151.499478,-29.064164],[151.498131,-29.063345],[151.497144,-29.06286],[151.495393,-29.061071],[151.494969,-29.060503],[151.490723,-29.057748],[151.490307,-29.057334],[151.490091,-29.056575],[151.490128,-29.05602],[151.490507,-29.054487],[151.490897,-29.053853],[151.49133,-29.053386],[151.49193,-29.052407],[151.492532,-29.051796],[151.492595,-29.051549],[151.493108,-29.051112],[151.493486,-29.050928],[151.493676,-29.050122],[151.493759,-29.048901],[151.494072,-29.04737],[151.494513,-29.046706],[151.494849,-29.045748],[151.495331,-29.04503],[151.495383,-29.044676],[151.495802,-29.043933],[151.496458,-29.043307],[151.497255,-29.042233],[151.497125,-29.041412],[151.496797,-29.040622],[151.49658,-29.039561],[151.496544,-29.038626],[151.496411,-29.037883],[151.496513,-29.037414],[151.496243,-29.036626],[151.495987,-29.036316],[151.495689,-29.035609],[151.4955,-29.035476],[151.495168,-29.034681],[151.494911,-29.032914],[151.49508,-29.030305],[151.495979,-29.028536],[151.497507,-29.026634],[151.49803,-29.025598],[151.498136,-29.024772],[151.498138,-29.023894],[151.497729,-29.02228],[151.497798,-29.02088],[151.498467,-29.019326],[151.499736,-29.017443],[151.500163,-29.016937],[151.500485,-29.016791],[151.501174,-29.016959],[151.501618,-29.017181],[151.502099,-29.016811],[151.502779,-29.015802],[151.503162,-29.014846],[151.502982,-29.014266],[151.503742,-29.012154],[151.504168,-29.011433],[151.504566,-29.011105],[151.505322,-29.009168],[151.505532,-29.008931],[151.505728,-29.008283],[151.505599,-29.007902],[151.50574,-29.007247],[151.506069,-29.006767],[151.507002,-29.006163],[151.50813,-29.00564],[151.508907,-29.005625],[151.50914,-29.005479],[151.510062,-29.004439],[151.510623,-29.003527],[151.510665,-29.003195],[151.510757,-29.003091],[151.511272,-29.002951],[151.511964,-29.002136],[151.512478,-29.001322],[151.51274,-29.001151],[151.513361,-29.00022],[151.513408,-29],[151.513282,-28.999631],[151.51366,-28.999077],[151.514009,-28.998773],[151.514881,-28.998244],[151.516327,-28.99689],[151.516874,-28.996896],[151.517607,-28.996555],[151.518621,-28.99659],[151.520018,-28.996338],[151.52066,-28.996006],[151.521069,-28.995595],[151.521178,-28.994985],[151.521143,-28.9942],[151.521304,-28.99376],[151.521893,-28.993151],[151.52225,-28.992631],[151.522504,-28.991118],[151.522868,-28.990141],[151.523186,-28.989654],[151.523259,-28.989393],[151.52364,-28.989001],[151.524018,-28.988755],[151.524888,-28.988431],[151.527559,-28.987102],[151.529251,-28.98664],[151.531032,-28.985624],[151.531696,-28.98541],[151.532128,-28.985093],[151.532871,-28.98405],[151.532857,-28.98355],[151.533661,-28.982504],[151.534211,-28.981485],[151.535019,-28.980879],[151.536664,-28.980069],[151.536935,-28.98005],[151.537288,-28.979804],[151.537456,-28.979531],[151.537429,-28.979098],[151.537173,-28.978643],[151.537001,-28.978059],[151.536334,-28.97662],[151.536055,-28.976224],[151.535883,-28.975667],[151.535889,-28.975083],[151.536164,-28.974249],[151.53665,-28.973474],[151.537171,-28.972395],[151.538099,-28.971334],[151.538926,-28.970589],[151.539486,-28.970343],[151.541083,-28.970014],[151.541801,-28.968718],[151.541912,-28.968306],[151.541808,-28.966993],[151.542481,-28.965369],[151.542799,-28.963826],[151.542843,-28.962855],[151.543361,-28.962158],[151.544042,-28.960751],[151.544527,-28.958953],[151.544452,-28.957527],[151.544755,-28.956018],[151.544744,-28.955591],[151.544659,-28.955349],[151.544166,-28.954987],[151.543865,-28.954558],[151.543952,-28.954447],[151.54427,-28.954332],[151.544576,-28.953899],[151.544828,-28.953286],[151.545096,-28.953097],[151.546383,-28.952705],[151.546692,-28.952542],[151.547257,-28.952664],[151.547501,-28.95288],[151.548109,-28.952947],[151.561758,-28.945126],[151.566705,-28.941837],[151.568345,-28.942713],[151.57041,-28.944259],[151.572047,-28.944727],[151.572735,-28.944702],[151.573736,-28.944099],[151.575083,-28.94355],[151.57611,-28.943797],[151.576897,-28.945054],[151.57894,-28.94412],[151.58034,-28.943028],[151.580538,-28.942361],[151.582488,-28.939433],[151.584033,-28.939273],[151.584377,-28.937634],[151.584997,-28.936163],[151.586053,-28.934955],[151.586592,-28.934706],[151.586829,-28.934118],[151.58779,-28.933516],[151.588469,-28.932062],[151.59052,-28.930997],[151.592213,-28.930393],[151.593432,-28.930262],[151.59679,-28.929056],[151.598213,-28.929144],[151.599385,-28.928536],[151.603579,-28.927614],[151.604324,-28.926062],[151.605232,-28.925254],[151.609098,-28.924429],[151.609781,-28.923458],[151.611648,-28.923605],[151.613303,-28.924084],[151.613803,-28.924525],[151.615176,-28.924923],[151.616952,-28.926333],[151.620063,-28.925826],[151.622095,-28.924514],[151.624213,-28.924408],[151.625975,-28.923851],[151.627528,-28.925588],[151.630884,-28.926922],[151.633265,-28.930301],[151.635184,-28.929578],[151.635506,-28.928073],[151.636789,-28.92715],[151.637288,-28.924973],[151.636515,-28.924672],[151.637128,-28.922412],[151.638161,-28.921922],[151.640032,-28.920102],[151.644191,-28.91736],[151.64647,-28.916491],[151.647215,-28.916567],[151.650082,-28.917745],[151.651541,-28.917295],[151.652464,-28.915492],[151.654616,-28.914903],[151.655883,-28.913474],[151.658451,-28.91205],[151.661266,-28.909295],[151.66173,-28.908415],[151.664017,-28.906465],[151.666012,-28.905613],[151.669287,-28.906076],[151.671737,-28.907153],[151.674771,-28.907749],[151.675643,-28.905352],[151.677618,-28.903837],[151.678402,-28.901456],[151.677809,-28.900221],[151.680032,-28.8981],[151.681105,-28.896712],[151.683,-28.895675],[151.685225,-28.893201],[151.68622,-28.891018],[151.686376,-28.888986],[151.688608,-28.88696],[151.689579,-28.888071],[151.693227,-28.88876],[151.695846,-28.888458],[151.695294,-28.886336],[151.69565,-28.884453],[151.698125,-28.884555],[151.698919,-28.883795],[151.702067,-28.882137],[151.702756,-28.879532],[151.702597,-28.878378],[151.703722,-28.875814],[151.704592,-28.874727],[151.706617,-28.873549],[151.706756,-28.872935],[151.706367,-28.871719],[151.709247,-28.870768],[151.711039,-28.871185],[151.713207,-28.875476],[151.715087,-28.874587],[151.716492,-28.874952],[151.717158,-28.87373],[151.719389,-28.873314],[151.721013,-28.870896],[151.722611,-28.870168],[151.72262,-28.868464],[151.724858,-28.867407],[151.726416,-28.866955],[151.729055,-28.867939],[151.730114,-28.869408],[151.731296,-28.870717],[151.733862,-28.871455],[151.73399,-28.873817],[151.732968,-28.876331],[151.733663,-28.878503],[151.731609,-28.88114],[151.731755,-28.882422],[151.733421,-28.885731],[151.73384,-28.887535],[151.735074,-28.889418],[151.73643,-28.89195],[151.736043,-28.893227],[151.736729,-28.895654],[151.739144,-28.89601],[151.74092,-28.89752],[151.739452,-28.901337],[151.739823,-28.902392],[151.741041,-28.903492],[151.742725,-28.906601],[151.743049,-28.907621],[151.742612,-28.908279],[151.744272,-28.911057],[151.744362,-28.912454],[151.745565,-28.913939],[151.745963,-28.91532],[151.744369,-28.9177],[151.742439,-28.918503],[151.746179,-28.919987],[151.7471,-28.921356],[151.749644,-28.921853],[151.750794,-28.922622],[151.753676,-28.922789],[151.754824,-28.922164],[151.755481,-28.924417],[151.757423,-28.925856],[151.759751,-28.926208],[151.758675,-28.927783],[151.758294,-28.930027],[151.761765,-28.932354],[151.76283,-28.935097],[151.766164,-28.935541],[151.769564,-28.937892],[151.771467,-28.93852],[151.773339,-28.938076],[151.773267,-28.939382],[151.773344,-28.940624],[151.773051,-28.943781],[151.773806,-28.944556],[151.773456,-28.945865],[151.773766,-28.947863],[151.773479,-28.948387],[151.772275,-28.94941],[151.771362,-28.951824],[151.771825,-28.952476],[151.77063,-28.955765],[151.772509,-28.956474],[151.77387,-28.957544],[151.776897,-28.959001],[151.777396,-28.957172],[151.78281,-28.953959],[151.786337,-28.952946],[151.789263,-28.95343],[151.790317,-28.952235],[151.792814,-28.95095],[151.793431,-28.949471],[151.795304,-28.949273],[151.797523,-28.948154],[151.798871,-28.94824],[151.804538,-28.946062],[151.8069,-28.945298],[151.808779,-28.945849],[151.810731,-28.948882],[151.810284,-28.949779],[151.814618,-28.950608],[151.814531,-28.951956],[151.815096,-28.953813],[151.811748,-28.95573],[151.813315,-28.959812],[151.817899,-28.961838],[151.823801,-28.962331],[151.825737,-28.963974],[151.830659,-28.961747],[151.833281,-28.959762],[151.835553,-28.956773],[151.835532,-28.954505],[151.836396,-28.953909],[151.836725,-28.95051],[151.835984,-28.948414],[151.837686,-28.945186],[151.8391,-28.944032],[151.839902,-28.942779],[151.839828,-28.939497],[151.836517,-28.9367],[151.836364,-28.935871],[151.835569,-28.934385],[151.835152,-28.932077],[151.836326,-28.931071],[151.836251,-28.928771],[151.83739,-28.923499],[151.836995,-28.920066],[151.838034,-28.917679],[151.838223,-28.916363],[151.839445,-28.91457],[151.83984,-28.912894],[151.841343,-28.911473],[151.842547,-28.912016],[151.847243,-28.908533],[151.849775,-28.907624],[151.852154,-28.907202],[151.853325,-28.907574],[151.855481,-28.907038],[151.859768,-28.90681],[151.861404,-28.907744],[151.864376,-28.908727],[151.865397,-28.909353],[151.867495,-28.911617],[151.868852,-28.91371],[151.871595,-28.914295],[151.872845,-28.913912],[151.87396,-28.91428],[151.875813,-28.914021],[151.878231,-28.914575],[151.878821,-28.91332],[151.881543,-28.911492],[151.8927,-28.915443],[151.89558,-28.913451],[151.897194,-28.91485],[151.900333,-28.914665],[151.904068,-28.916164],[151.907544,-28.917084],[151.91369,-28.92012],[151.917058,-28.924821],[151.915587,-28.926812],[151.916316,-28.929342],[151.918743,-28.928632],[151.922854,-28.928165],[151.927586,-28.925143],[151.937128,-28.921876],[151.939218,-28.921906],[151.942628,-28.921635],[151.944839,-28.920206],[151.951702,-28.919524],[151.954601,-28.917652],[151.956235,-28.917151],[151.958291,-28.917594],[151.961012,-28.919116],[151.964555,-28.918099],[151.966597,-28.91648],[151.968491,-28.916683],[151.969453,-28.914386],[151.970653,-28.913231],[151.971251,-28.911659],[151.972405,-28.91021],[151.974484,-28.908562],[151.978018,-28.908066],[151.98073,-28.909169],[151.981646,-28.908544],[151.983263,-28.906712],[151.994803,-28.89874],[151.995864,-28.897115],[151.996537,-28.895177],[151.99631,-28.89479],[151.998019,-28.895365],[151.999344,-28.896798],[152.001299,-28.899752],[152.000753,-28.901563],[151.999685,-28.903503],[152.000583,-28.905755],[152.001128,-28.906268],[152.000868,-28.907285],[152.001616,-28.908491],[152.002286,-28.908711],[152.002478,-28.908903],[152.003046,-28.90907],[152.003698,-28.908978],[152.004765,-28.909063],[152.00752,-28.90798],[152.008539,-28.907385],[152.009508,-28.906511],[152.010696,-28.906685],[152.011514,-28.905232],[152.011697,-28.90407],[152.012046,-28.903804],[152.013034,-28.902363],[152.013285,-28.901256],[152.013375,-28.900373],[152.013577,-28.899987],[152.015395,-28.898491],[152.015439,-28.897999],[152.016252,-28.896796],[152.016353,-28.895375],[152.016943,-28.894716],[152.015886,-28.893518],[152.016432,-28.892693],[152.017355,-28.892586],[152.018066,-28.892691],[152.018542,-28.892499],[152.019309,-28.89247],[152.019781,-28.891902],[152.020621,-28.891515],[152.021284,-28.891506],[152.023504,-28.890844],[152.023835,-28.890265],[152.024364,-28.889636],[152.024101,-28.887425],[152.023853,-28.886384],[152.02491,-28.885961],[152.025337,-28.884829],[152.02639,-28.883193],[152.026412,-28.881792],[152.02682,-28.881146],[152.02717,-28.879582],[152.028202,-28.876566],[152.030664,-28.874297],[152.031383,-28.873921],[152.031588,-28.873099],[152.031052,-28.872707],[152.030786,-28.871631],[152.030987,-28.870786],[152.030141,-28.869945],[152.032732,-28.866615],[152.033402,-28.866189],[152.033934,-28.86566],[152.035148,-28.865401],[152.036368,-28.865319],[152.037332,-28.864799],[152.037543,-28.864355],[152.0369,-28.862992],[152.037074,-28.862551],[152.036679,-28.861029],[152.035853,-28.859884],[152.035503,-28.858437],[152.036347,-28.857816],[152.037264,-28.857279],[152.038008,-28.855933],[152.038739,-28.855065],[152.039001,-28.854602],[152.037562,-28.851641],[152.036609,-28.851914],[152.032224,-28.854522],[152.030809,-28.85458],[152.029529,-28.854265],[152.029576,-28.855047],[152.028349,-28.856538],[152.027939,-28.857273],[152.02674,-28.858029],[152.025983,-28.858239],[152.023087,-28.854668],[152.019477,-28.852249],[152.017636,-28.851473],[152.016364,-28.851766],[152.015359,-28.851704],[152.015483,-28.851148],[152.014915,-28.850232],[152.015697,-28.848817],[152.01712,-28.847711],[152.018097,-28.845437],[152.018208,-28.844276],[152.016924,-28.837932],[152.018937,-28.837655],[152.02112,-28.836633],[152.020859,-28.835161],[152.022937,-28.830948],[152.026803,-28.831798],[152.027761,-28.831651],[152.028749,-28.829882],[152.029997,-28.829629],[152.031763,-28.828992],[152.03338,-28.82807],[152.033673,-28.825338],[152.034334,-28.823963],[152.034402,-28.822754],[152.034125,-28.820023],[152.034959,-28.818778],[152.035976,-28.818633],[152.036602,-28.817792],[152.036073,-28.815632],[152.034592,-28.815157],[152.035475,-28.812063],[152.036497,-28.810729],[152.035265,-28.80812],[152.035637,-28.80452],[152.035222,-28.803652],[152.036901,-28.800477],[152.037878,-28.79937],[152.037847,-28.797408],[152.034808,-28.793605],[152.033967,-28.791124],[152.032093,-28.790894],[152.03433,-28.788941],[152.035519,-28.788457],[152.036166,-28.787972],[152.036635,-28.787756],[152.037816,-28.787008],[152.037928,-28.786419],[152.039368,-28.78522],[152.040265,-28.783338],[152.040487,-28.78219],[152.040582,-28.781334],[152.040542,-28.780549],[152.039464,-28.78014],[152.037102,-28.778861],[152.035639,-28.777157],[152.035793,-28.776683],[152.036591,-28.775214],[152.037166,-28.774358],[152.037927,-28.772733],[152.036522,-28.770352],[152.03731,-28.768809],[152.037267,-28.767688],[152.036898,-28.76585],[152.037227,-28.765264],[152.037492,-28.764543],[152.037519,-28.763783],[152.036713,-28.762683],[152.036145,-28.761087],[152.035996,-28.758071],[152.036072,-28.757271],[152.036392,-28.7567],[152.038635,-28.754072],[152.040188,-28.753969],[152.041082,-28.75336],[152.041235,-28.75283],[152.040934,-28.75128],[152.041555,-28.749556],[152.041113,-28.748712],[152.040872,-28.747511],[152.041617,-28.746403],[152.043766,-28.746043],[152.045398,-28.743076],[152.046766,-28.742044],[152.047698,-28.740431],[152.047497,-28.739909],[152.047426,-28.739089],[152.047533,-28.738307],[152.047464,-28.737408],[152.046928,-28.735853],[152.046097,-28.733854],[152.045028,-28.732888],[152.044605,-28.732798],[152.043989,-28.732885],[152.042662,-28.732263],[152.04229,-28.731828],[152.04341,-28.730645],[152.04642,-28.729765],[152.047552,-28.728514],[152.05388,-28.725549],[152.055377,-28.723677],[152.057172,-28.7231],[152.058162,-28.721062],[152.061348,-28.718874],[152.062126,-28.718238],[152.068245,-28.715686],[152.07003,-28.715751],[152.071328,-28.714959],[152.076035,-28.708345],[152.075154,-28.706779],[152.073781,-28.70627],[152.072011,-28.704899],[152.071748,-28.702554],[152.068848,-28.701004],[152.066075,-28.697586],[152.066465,-28.696806],[152.065352,-28.692839],[152.065639,-28.691746],[152.06466,-28.690654],[152.066376,-28.687926],[152.066874,-28.685887],[152.068052,-28.685124],[152.066606,-28.682789],[152.066445,-28.681191],[152.065067,-28.680809],[152.063298,-28.67937],[152.062001,-28.679389],[152.060761,-28.680699],[152.058208,-28.679899],[152.056296,-28.681169],[152.052543,-28.682229],[152.050401,-28.679618],[152.050396,-28.678865],[152.048763,-28.676819],[152.047855,-28.676073],[152.046185,-28.675975],[152.044488,-28.673081],[152.045735,-28.670886],[152.044904,-28.668324],[152.039055,-28.664577],[152.031613,-28.666158],[152.028759,-28.666102],[152.024593,-28.66536],[152.024529,-28.6648],[152.020754,-28.663885],[152.016561,-28.664787],[152.014192,-28.665777],[152.010494,-28.664987],[152.011596,-28.661847],[152.011085,-28.661237],[152.01035,-28.661184],[152.008902,-28.659218],[152.008671,-28.657569],[152.006073,-28.653662],[152.005934,-28.651735],[152.004429,-28.652152],[152.002866,-28.651619],[152.002041,-28.65064],[152.002922,-28.648449],[152.002389,-28.647417],[152.002412,-28.640299],[152.000483,-28.636331],[151.998398,-28.633843],[151.997048,-28.63365],[151.996065,-28.63081],[151.990986,-28.624585],[151.990997,-28.622361],[151.990124,-28.620728],[151.991764,-28.618835],[151.99215,-28.616297],[151.993054,-28.615451],[151.993734,-28.614505],[151.994005,-28.611945],[151.992985,-28.610365],[151.990851,-28.609629],[151.99075,-28.607194],[151.989649,-28.605621],[151.988903,-28.60266],[151.989108,-28.601444],[151.990206,-28.599759],[151.990634,-28.598358],[151.991315,-28.597087],[151.991945,-28.596402],[151.992117,-28.594874],[151.991056,-28.594211],[151.988309,-28.591981],[151.987547,-28.58667],[151.986741,-28.585759],[151.986595,-28.584415],[151.985643,-28.583275],[151.985937,-28.582131],[151.985434,-28.58123],[151.984489,-28.580852],[151.98397,-28.579911],[151.982295,-28.578416],[151.981087,-28.578288],[151.979344,-28.577401],[151.977664,-28.575209],[151.976396,-28.574947],[151.976088,-28.573541],[151.974057,-28.573038],[151.972212,-28.573034],[151.96973,-28.572485],[151.966834,-28.572579],[151.964568,-28.569867],[151.963591,-28.567627],[151.959426,-28.566684],[151.957332,-28.564747],[151.956799,-28.563294],[151.957384,-28.562307],[151.957583,-28.561187],[151.958123,-28.560076],[151.958378,-28.55873],[151.958297,-28.557132],[151.957088,-28.556641],[151.954513,-28.553519],[151.954106,-28.551178],[151.954069,-28.550517],[151.954126,-28.550064],[151.954677,-28.548806],[151.955071,-28.5474],[151.956393,-28.546091],[151.956272,-28.54293],[151.954569,-28.542604],[151.953223,-28.539938],[151.953934,-28.536279],[151.954126,-28.534238],[151.95634,-28.529399],[151.956376,-28.52819],[151.957583,-28.527773],[151.958187,-28.527109],[151.957293,-28.525652],[151.956267,-28.525593],[151.955851,-28.523324],[151.955351,-28.519191],[151.956545,-28.517677],[151.957946,-28.516617],[151.958186,-28.515945],[151.961201,-28.515886],[151.96238,-28.51501],[151.964092,-28.514544],[151.965513,-28.512554],[151.967531,-28.511367],[151.968564,-28.509735],[151.9698,-28.509547],[151.970918,-28.508055],[151.972503,-28.507559],[151.971992,-28.506303],[151.973187,-28.505049],[151.977418,-28.503964],[151.977801,-28.503068],[151.982625,-28.503328],[151.983335,-28.504756],[151.983401,-28.506925],[151.984645,-28.507527],[151.984775,-28.508558],[151.98559,-28.509941],[151.985705,-28.511036],[151.984178,-28.514155],[151.984076,-28.51545],[151.984457,-28.516901],[151.987001,-28.520773],[151.987373,-28.523934],[151.987691,-28.524652],[151.988794,-28.525617],[151.990352,-28.524805],[151.991759,-28.524752],[151.9934,-28.526246],[151.994854,-28.526786],[151.997714,-28.526392],[151.99912,-28.52703],[152.000453,-28.528124],[152.00262,-28.527439],[152.006078,-28.527459],[152.007265,-28.527124],[152.008759,-28.526059],[152.011031,-28.526432],[152.012764,-28.525596],[152.014491,-28.525641],[152.016707,-28.525233],[152.018763,-28.522118],[152.020019,-28.521201],[152.018971,-28.518136],[152.019602,-28.517319],[152.023085,-28.515279],[152.02363,-28.51384],[152.024265,-28.51294],[152.026934,-28.512917],[152.035733,-28.507459],[152.03976,-28.502779],[152.040272,-28.501474],[152.041671,-28.501175],[152.043768,-28.499314],[152.043886,-28.498381],[152.044427,-28.497724],[152.044847,-28.49697],[152.045553,-28.495219],[152.048422,-28.494254],[152.049411,-28.493522],[152.051707,-28.492892],[152.055111,-28.490651],[152.057326,-28.490308],[152.059662,-28.490847],[152.062021,-28.488889],[152.062363,-28.488743],[152.062679,-28.488336],[152.06346,-28.487849],[152.064011,-28.487767],[152.067118,-28.485152],[152.067188,-28.480072],[152.066817,-28.478727],[152.0687,-28.476477],[152.068148,-28.474271],[152.068941,-28.473389],[152.068639,-28.47198],[152.068789,-28.469611],[152.069682,-28.468535],[152.070919,-28.468588],[152.072497,-28.469208],[152.07408,-28.46803],[152.075344,-28.468811],[152.075588,-28.469966],[152.079794,-28.470625],[152.081222,-28.469784],[152.082316,-28.469825],[152.083806,-28.468748],[152.087652,-28.469655],[152.089081,-28.469297],[152.091038,-28.468366],[152.093821,-28.469739],[152.095195,-28.469563],[152.0957,-28.468689],[152.095316,-28.467585],[152.095917,-28.466095],[152.097844,-28.466492],[152.101594,-28.465069],[152.102804,-28.463302],[152.104553,-28.463399],[152.106685,-28.463126],[152.107697,-28.463961],[152.108748,-28.463636],[152.111776,-28.464346],[152.112307,-28.463367],[152.115225,-28.463422],[152.117589,-28.46237],[152.119484,-28.462872],[152.121239,-28.462649],[152.121848,-28.460718],[152.125121,-28.457494],[152.12792,-28.45395],[152.130891,-28.453933],[152.132138,-28.452973],[152.134342,-28.452757],[152.135412,-28.452164],[152.137551,-28.44835],[152.138762,-28.447866],[152.140052,-28.445107],[152.14107,-28.44378],[152.141965,-28.442435],[152.144245,-28.44201],[152.145574,-28.440851],[152.146336,-28.439309],[152.15059,-28.438094],[152.154492,-28.438027],[152.155087,-28.436653],[152.156413,-28.434585],[152.158741,-28.434387],[152.160075,-28.433264],[152.162047,-28.432806],[152.164687,-28.432592],[152.168353,-28.434551],[152.172019,-28.434378],[152.174859,-28.435013],[152.181444,-28.437232],[152.184266,-28.439044],[152.18626,-28.438645],[152.187936,-28.435264],[152.190219,-28.43404],[152.195109,-28.436149],[152.204701,-28.438071],[152.207347,-28.443692],[152.20727,-28.44523],[152.210547,-28.446164],[152.212166,-28.445676],[152.213976,-28.44599],[152.215716,-28.448055],[152.217234,-28.449114],[152.219624,-28.447797],[152.221641,-28.444841],[152.222078,-28.442],[152.225691,-28.43724],[152.228676,-28.437025],[152.229885,-28.434882],[152.229739,-28.433315],[152.230983,-28.429585],[152.2321,-28.428441],[152.234438,-28.427362],[152.235306,-28.424703],[152.238062,-28.423477],[152.239585,-28.419589],[152.239161,-28.417868],[152.242402,-28.416213],[152.243664,-28.415957],[152.245951,-28.41374],[152.247786,-28.412788],[152.248975,-28.411528],[152.252074,-28.410599],[152.252663,-28.409074],[152.252448,-28.40728],[152.254261,-28.406037],[152.254884,-28.404308],[152.255872,-28.403362],[152.26038,-28.40077],[152.260595,-28.399958],[152.261387,-28.398712],[152.262132,-28.397752],[152.263139,-28.396039],[152.263539,-28.39431],[152.265324,-28.394222],[152.266676,-28.390742],[152.268244,-28.389531],[152.269691,-28.390875],[152.273707,-28.391796],[152.278626,-28.392202],[152.281749,-28.392828],[152.286544,-28.392388],[152.287817,-28.391903],[152.288608,-28.391503],[152.288786,-28.39071],[152.289367,-28.390792],[152.28907,-28.389441],[152.290514,-28.382994],[152.291754,-28.381265],[152.293974,-28.379193],[152.296571,-28.377863],[152.297806,-28.376333],[152.302449,-28.372745],[152.304136,-28.372307],[152.307341,-28.36904],[152.307692,-28.366983],[152.308972,-28.365077],[152.309367,-28.36284],[152.311058,-28.362741],[152.311897,-28.362351],[152.312827,-28.362494],[152.314817,-28.36379],[152.315789,-28.363613],[152.320357,-28.36695],[152.326614,-28.366745],[152.33194,-28.36829],[152.334308,-28.366915],[152.33569,-28.366629],[152.336815,-28.366839],[152.33833,-28.367289],[152.339177,-28.367367],[152.340914,-28.367879],[152.341853,-28.36797],[152.344119,-28.367297],[152.345551,-28.366024],[152.349021,-28.365052],[152.350691,-28.363534],[152.353141,-28.362553],[152.354311,-28.361564],[152.356631,-28.361187],[152.361491,-28.363618],[152.362056,-28.364086],[152.361993,-28.364463],[152.365173,-28.366149],[152.367138,-28.366204],[152.368808,-28.365786],[152.374757,-28.366958],[152.375681,-28.366743],[152.376887,-28.365735],[152.378359,-28.365636],[152.381545,-28.368096],[152.383424,-28.368848],[152.385199,-28.368795],[152.387971,-28.367464],[152.387961,-28.365958],[152.391708,-28.3624],[152.392492,-28.360207],[152.392939,-28.359691],[152.3932,-28.358226],[152.393536,-28.357286],[152.395852,-28.354523],[152.398878,-28.352235],[152.401118,-28.347069],[152.410239,-28.341494],[152.410874,-28.339453],[152.415612,-28.336233],[152.416361,-28.335003],[152.417623,-28.331606],[152.417299,-28.329874],[152.416712,-28.329343],[152.415656,-28.327292],[152.415465,-28.326815],[152.41542,-28.325613],[152.413308,-28.32384],[152.41057,-28.320408],[152.410488,-28.311632],[152.4107,-28.310447],[152.4132,-28.308698],[152.413888,-28.307139],[152.413215,-28.301582],[152.413856,-28.300401],[152.414769,-28.300053],[152.415173,-28.298073],[152.416743,-28.296816],[152.417972,-28.297467],[152.418913,-28.298373],[152.421496,-28.299325],[152.423936,-28.299203],[152.42539,-28.299614],[152.426334,-28.299219],[152.426961,-28.297881],[152.427752,-28.297308],[152.430859,-28.297376],[152.435653,-28.299493],[152.437614,-28.29941],[152.440456,-28.2976],[152.442945,-28.298428],[152.44418,-28.297245],[152.444177,-28.296502],[152.444029,-28.295829],[152.44352,-28.294388],[152.443254,-28.294046],[152.442926,-28.293252],[152.442862,-28.292454],[152.442614,-28.292176],[152.442527,-28.291864],[152.44267,-28.290935],[152.442983,-28.290189],[152.443161,-28.288923],[152.444235,-28.288072],[152.445481,-28.285442],[152.44688,-28.284728],[152.449012,-28.282217],[152.449262,-28.280688],[152.452125,-28.278777],[152.453719,-28.278641],[152.455141,-28.278408],[152.45591,-28.277535],[152.455603,-28.277003],[152.457959,-28.27238],[152.458705,-28.271831],[152.45927,-28.271179],[152.459454,-28.270711],[152.459697,-28.270527],[152.460381,-28.270271],[152.461227,-28.269753],[152.461353,-28.269241],[152.459975,-28.268337],[152.459494,-28.266686],[152.459673,-28.264843],[152.459952,-28.26438],[152.460781,-28.263692],[152.460809,-28.263163],[152.46137,-28.262218],[152.461331,-28.260935],[152.461871,-28.260329],[152.463453,-28.259221],[152.465355,-28.258804],[152.468237,-28.257757],[152.469852,-28.257338],[152.473009,-28.256939],[152.474492,-28.257934],[152.475912,-28.258231],[152.477542,-28.257919],[152.479095,-28.257995],[152.480795,-28.257551],[152.481658,-28.257818],[152.481851,-28.257967],[152.482289,-28.258042],[152.482865,-28.258017],[152.4838,-28.257665],[152.484337,-28.256877],[152.485363,-28.256024],[152.487892,-28.253199],[152.489014,-28.253363],[152.489268,-28.253467],[152.490031,-28.253412],[152.490748,-28.253589],[152.491781,-28.253626],[152.4928,-28.254073],[152.494139,-28.253472],[152.496097,-28.253084],[152.497193,-28.25335],[152.498754,-28.252893],[152.4996,-28.252468],[152.500989,-28.252417],[152.501783,-28.251434],[152.503337,-28.250561],[152.504939,-28.250619],[152.505881,-28.250388],[152.50753,-28.249],[152.509305,-28.249184],[152.511518,-28.250256],[152.513098,-28.251452],[152.513908,-28.251227],[152.515811,-28.251799],[152.516733,-28.254728],[152.516064,-28.256825],[152.518684,-28.256954],[152.521699,-28.260734],[152.523016,-28.261216],[152.523947,-28.261012],[152.52894,-28.26172],[152.531952,-28.263247],[152.533975,-28.262694],[152.534326,-28.264733],[152.536486,-28.265894],[152.535552,-28.268215],[152.534276,-28.270685],[152.532897,-28.272311],[152.533006,-28.273767],[152.532801,-28.279583],[152.531454,-28.282697],[152.530255,-28.283916],[152.528879,-28.286644],[152.528798,-28.288942],[152.529365,-28.293318],[152.5287,-28.293948],[152.529297,-28.297945],[152.528627,-28.299499],[152.527567,-28.30047],[152.52662,-28.300873],[152.525592,-28.301795],[152.525127,-28.304204],[152.52565,-28.305139],[152.525918,-28.305978],[152.526394,-28.306457],[152.526829,-28.306525],[152.527343,-28.306911],[152.528298,-28.306866],[152.529528,-28.308094],[152.531686,-28.308963],[152.532513,-28.310179],[152.533545,-28.310727],[152.537418,-28.310974],[152.538879,-28.311349],[152.540836,-28.313146],[152.541581,-28.313626],[152.541865,-28.31465],[152.543248,-28.315922],[152.543429,-28.317794],[152.544047,-28.31894],[152.547013,-28.320487],[152.549055,-28.321269],[152.54998,-28.320706],[152.554946,-28.31897],[152.554588,-28.319667],[152.554754,-28.321747],[152.553907,-28.324447],[152.554675,-28.325536],[152.556213,-28.325189],[152.556798,-28.324022],[152.559748,-28.323594],[152.562757,-28.324141],[152.564036,-28.323534],[152.572299,-28.326754],[152.573168,-28.327773],[152.574619,-28.334094],[152.575664,-28.33455],[152.579505,-28.339198],[152.580653,-28.337909],[152.580587,-28.33671],[152.582925,-28.334399],[152.582936,-28.331891],[152.584273,-28.330164],[152.584878,-28.329873],[152.585233,-28.328411],[152.587829,-28.327226],[152.588335,-28.326483],[152.589179,-28.325999],[152.589344,-28.324919],[152.590598,-28.323289],[152.592745,-28.321762],[152.593067,-28.320219],[152.593872,-28.319141],[152.595743,-28.318657],[152.596523,-28.318084],[152.597588,-28.314495],[152.596783,-28.313553],[152.597458,-28.312461],[152.598756,-28.311054],[152.599077,-28.309578],[152.601821,-28.30731],[152.600539,-28.302931],[152.600116,-28.302235],[152.599778,-28.301974],[152.599183,-28.300247],[152.598022,-28.293493],[152.597326,-28.291288],[152.598055,-28.290382],[152.59805,-28.28812],[152.598378,-28.287224],[152.599759,-28.285493],[152.599571,-28.284192],[152.599624,-28.283681],[152.600333,-28.283151],[152.600953,-28.282189],[152.602105,-28.281478],[152.603271,-28.280224],[152.603276,-28.279246],[152.610655,-28.274448],[152.612474,-28.270938],[152.612872,-28.270409],[152.614242,-28.269477],[152.614419,-28.270052],[152.615776,-28.27126],[152.616094,-28.271843],[152.615747,-28.273173],[152.615706,-28.274639],[152.617217,-28.27702],[152.617373,-28.277857],[152.616994,-28.280057],[152.617524,-28.282572],[152.620921,-28.284017],[152.622163,-28.285597],[152.622741,-28.287037],[152.62289,-28.288175],[152.62351,-28.288885],[152.623115,-28.290805],[152.623222,-28.291566],[152.622451,-28.292185],[152.622145,-28.293183],[152.622837,-28.293649],[152.623945,-28.295744],[152.62382,-28.296893],[152.624123,-28.298298],[152.626173,-28.299898],[152.62695,-28.300108],[152.628434,-28.303561],[152.629926,-28.3042],[152.630378,-28.305065],[152.632623,-28.305149],[152.63536,-28.307181],[152.636105,-28.308084],[152.636572,-28.30924],[152.637192,-28.309586],[152.639747,-28.312186],[152.641272,-28.312759],[152.642088,-28.312863],[152.642745,-28.312431],[152.643391,-28.312795],[152.644309,-28.313022],[152.6468,-28.312071],[152.648476,-28.313376],[152.651876,-28.312436],[152.652193,-28.311692],[152.652838,-28.311326],[152.654473,-28.31138],[152.655555,-28.311115],[152.657299,-28.311185],[152.659116,-28.309879],[152.661048,-28.310155],[152.663694,-28.310291],[152.664397,-28.311208],[152.667516,-28.311703],[152.668186,-28.313811],[152.669864,-28.314141],[152.670729,-28.314878],[152.671824,-28.315333],[152.672404,-28.316862],[152.67355,-28.317971],[152.673315,-28.318829],[152.673746,-28.319539],[152.673381,-28.32125],[152.673844,-28.323439],[152.673327,-28.324485],[152.673961,-28.326287],[152.674724,-28.326409],[152.675294,-28.327078],[152.676432,-28.327586],[152.677098,-28.328649],[152.679493,-28.330585],[152.681603,-28.329714],[152.684209,-28.329761],[152.684675,-28.328924],[152.686374,-28.329145],[152.687584,-28.330748],[152.687477,-28.332407],[152.688396,-28.334837],[152.689491,-28.335061],[152.692407,-28.336801],[152.695217,-28.336926],[152.695701,-28.336425],[152.698574,-28.335668],[152.699726,-28.33685],[152.700309,-28.337174],[152.701129,-28.337476],[152.701321,-28.338032],[152.70414,-28.338429],[152.704638,-28.338968],[152.704638,-28.340981],[152.706438,-28.342408],[152.707637,-28.344287],[152.707938,-28.344378],[152.708556,-28.344136],[152.709256,-28.343601],[152.710152,-28.342697],[152.710995,-28.342047],[152.712383,-28.341404],[152.712854,-28.341368],[152.713231,-28.341502],[152.713872,-28.342004],[152.715085,-28.343177],[152.715456,-28.343419],[152.71602,-28.343405],[152.716751,-28.343559],[152.717932,-28.34442],[152.718748,-28.344857],[152.719664,-28.345089],[152.719912,-28.345226],[152.720204,-28.345279],[152.721305,-28.344944],[152.721758,-28.34474],[152.722318,-28.344228],[152.722582,-28.344082],[152.722825,-28.344027],[152.723053,-28.344132],[152.723867,-28.345516],[152.724858,-28.346451],[152.725453,-28.346819],[152.726286,-28.347833],[152.726572,-28.348484],[152.726979,-28.349088],[152.728399,-28.349865],[152.729049,-28.350321],[152.729555,-28.350898],[152.729705,-28.351345],[152.729974,-28.351678],[152.730301,-28.351988],[152.73094,-28.352317],[152.73102,-28.352597],[152.730963,-28.353585],[152.731107,-28.353949],[152.731569,-28.354252],[152.732565,-28.354532],[152.733177,-28.354521],[152.734054,-28.354057],[152.734097,-28.353385],[152.737011,-28.355136],[152.737773,-28.356365],[152.738338,-28.356745],[152.73964,-28.358586],[152.740324,-28.359187],[152.742671,-28.359821],[152.744014,-28.360327],[152.746531,-28.360675],[152.748707,-28.361911],[152.749185,-28.362953],[152.750949,-28.36388],[152.756969,-28.363596],[152.757824,-28.362953],[152.761045,-28.360161],[152.761853,-28.358278],[152.760068,-28.356151],[152.758216,-28.355079],[152.759374,-28.352909],[152.759533,-28.352976],[152.759797,-28.35246],[152.763974,-28.351047],[152.765012,-28.351057],[152.76831,-28.349438],[152.770681,-28.348724],[152.77213,-28.348163],[152.772919,-28.34811],[152.774944,-28.346555],[152.777385,-28.345967],[152.779291,-28.346747],[152.781734,-28.346686],[152.785,-28.34889],[152.78669,-28.349191],[152.787901,-28.351229],[152.791673,-28.352078],[152.792728,-28.353608],[152.793377,-28.354043],[152.794826,-28.353639],[152.795872,-28.353811],[152.797999,-28.352949],[152.799908,-28.353942],[152.801339,-28.353439],[152.801908,-28.353402],[152.802889,-28.353623],[152.803709,-28.353506],[152.804259,-28.35357],[152.804819,-28.352866],[152.805234,-28.351899],[152.805947,-28.351464],[152.807352,-28.351158],[152.809072,-28.350635],[152.809134,-28.348989],[152.808725,-28.348522],[152.808614,-28.347207],[152.80899,-28.346271],[152.808669,-28.345458],[152.809259,-28.344139],[152.808787,-28.342652],[152.809309,-28.34208],[152.811552,-28.341324],[152.812322,-28.340706],[152.812529,-28.339167],[152.814508,-28.337749],[152.815958,-28.337354],[152.818607,-28.335042],[152.81943,-28.335286],[152.819657,-28.335611],[152.821203,-28.335472],[152.822298,-28.335811],[152.823111,-28.335484],[152.823176,-28.334845],[152.823796,-28.334087],[152.823819,-28.333182],[152.824567,-28.332191],[152.82415,-28.3311],[152.823691,-28.328914],[152.824519,-28.327428],[152.825779,-28.327502],[152.828316,-28.324683],[152.82858,-28.32286],[152.831369,-28.31967],[152.833614,-28.319885],[152.835544,-28.321398],[152.838758,-28.322141],[152.840205,-28.321612],[152.840809,-28.321178],[152.841724,-28.320867],[152.842267,-28.320196],[152.843665,-28.319551],[152.844398,-28.317906],[152.845398,-28.317682],[152.847419,-28.315454],[152.847953,-28.31476],[152.849424,-28.311186],[152.850642,-28.310966],[152.851831,-28.311163],[152.85208,-28.311408],[152.852003,-28.311502],[152.853335,-28.312351],[152.854715,-28.312789],[152.855416,-28.312477],[152.856835,-28.31234],[152.85774,-28.311427],[152.858835,-28.311585],[152.859595,-28.31147],[152.860625,-28.311939],[152.861813,-28.312245],[152.862825,-28.312687],[152.865771,-28.313577],[152.870209,-28.312939],[152.871548,-28.312914],[152.873364,-28.31255],[152.8755,-28.312428],[152.878093,-28.31174],[152.879087,-28.310928],[152.879707,-28.309865],[152.880424,-28.309813],[152.881323,-28.311139],[152.881659,-28.312276],[152.882688,-28.313321],[152.884903,-28.313785],[152.886236,-28.315064],[152.887325,-28.315459],[152.889131,-28.315439],[152.889968,-28.316004],[152.890465,-28.31684],[152.890932,-28.317296],[152.892391,-28.317834],[152.893094,-28.317845],[152.893428,-28.317929],[152.893899,-28.318465],[152.894031,-28.319636],[152.895026,-28.320696],[152.895428,-28.321013],[152.895851,-28.321212],[152.896395,-28.321715],[152.896834,-28.322377],[152.897094,-28.322546],[152.897545,-28.32317],[152.898078,-28.323683],[152.898343,-28.324112],[152.898424,-28.324003],[152.89865,-28.324361],[152.898961,-28.324663],[152.899914,-28.325378],[152.900179,-28.32547],[152.90284,-28.325468],[152.903892,-28.325751],[152.905323,-28.325726],[152.906242,-28.325848],[152.908099,-28.326391],[152.908531,-28.326342],[152.909958,-28.326996],[152.911033,-28.328285],[152.911674,-28.328486],[152.913307,-28.32937],[152.914216,-28.329683],[152.915021,-28.330252],[152.915417,-28.330405],[152.917471,-28.331044],[152.919582,-28.330993],[152.921854,-28.331505],[152.923367,-28.331594],[152.92421,-28.332413],[152.926548,-28.333502],[152.928343,-28.334929],[152.930146,-28.335554],[152.931501,-28.335811],[152.934265,-28.337655],[152.934849,-28.337366],[152.935719,-28.336373],[152.936429,-28.336157],[152.937579,-28.335385],[152.938518,-28.334921],[152.939166,-28.334753],[152.940652,-28.335029],[152.942952,-28.334738],[152.944278,-28.334966],[152.945141,-28.335669],[152.946827,-28.335175],[152.948522,-28.334911],[152.949006,-28.334387],[152.950744,-28.333643],[152.952709,-28.334144],[152.953244,-28.334018],[152.954209,-28.334027],[152.955045,-28.333576],[152.958075,-28.33366],[152.959039,-28.333507],[152.960568,-28.33281],[152.962665,-28.332137],[152.965573,-28.332624],[152.967562,-28.332519],[152.96871,-28.332151],[152.973179,-28.331822],[152.97606,-28.333283],[152.978152,-28.333655],[152.979817,-28.335175],[152.982012,-28.336782],[152.983597,-28.338108],[152.985134,-28.338111],[152.986002,-28.338003],[152.98982,-28.336627],[152.991437,-28.33727],[152.99248,-28.338597],[152.994508,-28.338871],[152.995395,-28.339356],[152.996092,-28.339965],[152.996925,-28.339831],[153.000234,-28.340252],[153.003171,-28.339686],[153.004093,-28.33999],[153.006351,-28.34034],[153.008026,-28.340284],[153.007905,-28.340847],[153.010061,-28.341295],[153.022227,-28.338045],[153.025163,-28.339438],[153.030483,-28.339714],[153.032595,-28.341957],[153.035438,-28.34168],[153.038075,-28.34345],[153.044901,-28.339012],[153.047587,-28.340324],[153.049069,-28.342028],[153.051742,-28.341412],[153.053253,-28.343149],[153.057844,-28.342751],[153.059409,-28.34393],[153.061635,-28.343525],[153.065301,-28.344239],[153.06712,-28.346366],[153.07065,-28.34784],[153.071591,-28.350312],[153.074174,-28.352198],[153.075202,-28.352444],[153.075814,-28.351501],[153.077504,-28.35197],[153.078155,-28.35287],[153.079306,-28.354016],[153.080674,-28.354407],[153.082941,-28.353977],[153.084003,-28.354573],[153.084986,-28.354441],[153.086308,-28.35462],[153.08673,-28.354498],[153.089174,-28.353318],[153.089998,-28.353708],[153.090356,-28.353995],[153.091235,-28.35399],[153.092032,-28.354235],[153.092497,-28.354687],[153.093259,-28.354807],[153.093785,-28.355514],[153.095698,-28.356077],[153.09638,-28.355939],[153.096875,-28.356217],[153.097417,-28.356244],[153.098333,-28.356964],[153.102294,-28.35788],[153.104588,-28.357206],[153.10572,-28.357491],[153.107654,-28.358494],[153.108928,-28.357313],[153.108547,-28.356328],[153.109453,-28.356085],[153.111139,-28.35642],[153.112004,-28.353896],[153.112445,-28.353375],[153.113189,-28.352903],[153.113155,-28.352307],[153.113817,-28.349254],[153.115467,-28.34768],[153.115916,-28.344602],[153.116489,-28.344151],[153.116825,-28.343658],[153.116734,-28.341503],[153.120506,-28.342001],[153.123886,-28.33949],[153.125301,-28.33931],[153.125515,-28.338288],[153.125197,-28.336741],[153.126761,-28.336229],[153.129181,-28.331052],[153.13024,-28.330279],[153.127157,-28.326089],[153.125599,-28.324934],[153.124831,-28.323929],[153.124107,-28.32174],[153.124069,-28.320204],[153.125004,-28.317764],[153.125838,-28.317295],[153.127751,-28.317252],[153.132961,-28.317536],[153.135754,-28.312119],[153.137649,-28.311733],[153.138284,-28.311252],[153.1399,-28.311339],[153.140778,-28.311873],[153.143281,-28.312204],[153.143664,-28.311672],[153.14303,-28.307382],[153.142893,-28.307057],[153.142176,-28.30604],[153.142488,-28.305321],[153.14328,-28.304646],[153.144173,-28.304397],[153.146637,-28.304378],[153.149297,-28.303305],[153.149786,-28.302799],[153.151219,-28.302632],[153.151706,-28.302216],[153.152917,-28.301918],[153.153296,-28.301326],[153.153844,-28.30071],[153.153946,-28.300173],[153.153975,-28.297252],[153.155145,-28.296121],[153.155946,-28.29615],[153.156888,-28.295984],[153.15849,-28.296532],[153.159315,-28.296671],[153.160145,-28.296415],[153.16083,-28.296093],[153.161605,-28.29649],[153.16211,-28.2971],[153.1625,-28.297202],[153.163028,-28.297682],[153.164377,-28.297889],[153.164799,-28.297462],[153.165402,-28.297206],[153.16603,-28.296584],[153.166849,-28.296188],[153.167736,-28.295477],[153.169175,-28.293105],[153.168693,-28.292716],[153.168552,-28.292106],[153.168013,-28.291712],[153.167823,-28.290993],[153.165415,-28.288886],[153.16511,-28.287725],[153.165671,-28.285896],[153.166498,-28.285116],[153.165607,-28.284414],[153.164993,-28.284129],[153.164511,-28.284021],[153.164179,-28.283831],[153.162253,-28.282466],[153.161416,-28.280813],[153.16115,-28.279761],[153.161203,-28.279401],[153.161711,-28.279349],[153.162382,-28.278931],[153.16289,-28.27899],[153.165349,-28.27795],[153.166562,-28.276974],[153.167827,-28.277154],[153.169458,-28.275622],[153.171052,-28.276196],[153.175171,-28.274206],[153.174915,-28.273235],[153.174388,-28.272665],[153.173927,-28.270195],[153.174544,-28.269564],[153.174592,-28.268539],[153.172303,-28.264472],[153.171635,-28.263646],[153.171483,-28.259186],[153.172169,-28.259167],[153.172915,-28.258849],[153.173613,-28.255444],[153.174257,-28.254901],[153.175829,-28.25233],[153.175746,-28.250668],[153.176666,-28.249603],[153.17706,-28.249612],[153.178174,-28.250157],[153.17897,-28.24985],[153.179779,-28.250254],[153.180344,-28.250071],[153.180579,-28.249769],[153.181578,-28.249428],[153.182512,-28.248599],[153.184384,-28.248379],[153.185311,-28.248435],[153.188166,-28.247512],[153.189021,-28.247846],[153.189337,-28.248327],[153.191633,-28.249656],[153.192318,-28.250391],[153.192495,-28.251003],[153.19414,-28.252749],[153.194334,-28.253207],[153.196082,-28.254589],[153.19716,-28.255201],[153.197533,-28.255263],[153.198566,-28.256114],[153.199479,-28.256548],[153.199828,-28.256501],[153.200552,-28.256154],[153.201391,-28.256219],[153.203193,-28.255712],[153.203331,-28.255254],[153.203765,-28.254745],[153.203965,-28.253767],[153.204369,-28.253339],[153.205158,-28.253098],[153.207378,-28.252962],[153.207778,-28.253625],[153.208327,-28.253812],[153.211385,-28.257482],[153.211954,-28.257489],[153.212495,-28.25777],[153.213076,-28.258395],[153.213642,-28.259179],[153.214774,-28.26019],[153.215312,-28.260241],[153.216249,-28.261097],[153.217662,-28.262177],[153.218217,-28.263224],[153.218543,-28.263378],[153.218839,-28.263386],[153.219316,-28.263249],[153.21993,-28.263341],[153.222155,-28.263429],[153.225541,-28.264136],[153.226261,-28.264002],[153.227095,-28.264208],[153.229091,-28.264469],[153.230006,-28.264869],[153.231204,-28.265074],[153.231639,-28.265126],[153.232838,-28.265076],[153.234507,-28.262859],[153.235489,-28.259263],[153.235377,-28.258792],[153.23581,-28.257355],[153.235615,-28.256638],[153.236239,-28.25558],[153.23693,-28.254517],[153.238058,-28.253301],[153.238699,-28.25247],[153.239065,-28.251851],[153.240831,-28.250514],[153.242562,-28.249009],[153.242809,-28.248653],[153.243619,-28.248315],[153.243838,-28.24799],[153.243771,-28.247553],[153.243925,-28.2473],[153.245048,-28.246843],[153.246521,-28.246682],[153.247339,-28.246998],[153.248599,-28.247195],[153.248885,-28.247373],[153.249731,-28.247493],[153.250276,-28.246884],[153.2504,-28.246522],[153.251454,-28.246571],[153.254075,-28.245686],[153.254779,-28.245325],[153.261136,-28.243589],[153.264005,-28.243478],[153.265221,-28.241902],[153.265338,-28.241253],[153.268064,-28.239505],[153.269054,-28.238611],[153.26996,-28.238775],[153.272429,-28.238172],[153.273298,-28.238157],[153.274236,-28.238009],[153.274731,-28.237673],[153.274984,-28.236921],[153.27549,-28.236411],[153.27669,-28.235589],[153.27719,-28.234797],[153.277201,-28.234205],[153.277938,-28.233852],[153.279598,-28.233493],[153.280326,-28.233514],[153.281987,-28.233792],[153.283433,-28.234474],[153.284008,-28.234455],[153.286604,-28.235429],[153.287551,-28.235191],[153.288174,-28.235302],[153.288793,-28.235029],[153.289228,-28.234552],[153.289835,-28.234483],[153.28974,-28.234325],[153.291509,-28.233759],[153.293149,-28.233618],[153.296188,-28.233808],[153.298015,-28.235147],[153.300366,-28.238027],[153.30476,-28.239695],[153.306939,-28.238771],[153.307895,-28.23826],[153.310556,-28.238012],[153.312035,-28.237321],[153.313305,-28.237489],[153.313879,-28.237221],[153.314562,-28.237183],[153.315304,-28.237782],[153.316084,-28.238063],[153.316849,-28.238532],[153.321862,-28.237802],[153.323041,-28.236715],[153.324048,-28.236151],[153.325717,-28.235936],[153.329765,-28.236874],[153.330686,-28.238001],[153.331031,-28.238875],[153.330899,-28.240547],[153.331361,-28.244213],[153.331889,-28.246127],[153.333949,-28.2468],[153.334706,-28.248342],[153.337668,-28.24957],[153.339104,-28.250546],[153.340334,-28.24997],[153.342354,-28.250135],[153.34585,-28.248454],[153.34749,-28.249031],[153.351031,-28.249091],[153.353057,-28.24883],[153.354016,-28.24837],[153.355275,-28.248563],[153.357283,-28.249274],[153.359627,-28.248253],[153.360573,-28.248355],[153.364723,-28.247354],[153.369569,-28.245078],[153.372184,-28.242743],[153.376945,-28.240782],[153.378923,-28.240311],[153.379708,-28.239689],[153.380428,-28.239364],[153.382504,-28.237448],[153.38433,-28.237303],[153.387525,-28.23638],[153.389723,-28.234832],[153.390513,-28.232733],[153.389443,-28.230975],[153.390906,-28.227887],[153.397551,-28.218949],[153.400122,-28.217071],[153.405713,-28.211023],[153.411265,-28.209256],[153.412117,-28.209145],[153.414911,-28.207419],[153.416959,-28.20483],[153.418238,-28.202473],[153.417815,-28.200558],[153.41947,-28.1997],[153.421356,-28.199567],[153.424329,-28.197848],[153.425093,-28.196501],[153.425897,-28.196001],[153.426789,-28.194941],[153.428625,-28.194347],[153.428947,-28.193543],[153.431293,-28.190916],[153.435756,-28.187173],[153.437663,-28.186405],[153.438887,-28.186265],[153.444507,-28.183981],[153.445838,-28.184249],[153.447917,-28.183476],[153.450164,-28.181856],[153.452623,-28.18104],[153.455245,-28.181216],[153.457049,-28.180518],[153.457557,-28.179453],[153.459147,-28.178158],[153.458522,-28.175014],[153.460899,-28.172234],[153.461673,-28.171055],[153.462075,-28.170838],[153.462984,-28.169803],[153.4631,-28.169523],[153.464898,-28.167569],[153.465713,-28.165918],[153.466006,-28.165648],[153.4667,-28.164449],[153.46845,-28.162432],[153.470796,-28.161626],[153.472484,-28.161753],[153.473722,-28.160689],[153.473701,-28.160025],[153.474607,-28.159571],[153.474968,-28.158024],[153.476946,-28.156892],[153.477437,-28.156935],[153.478757,-28.157486],[153.480588,-28.15739],[153.481274,-28.157713],[153.481508,-28.158244],[153.482576,-28.158316],[153.483021,-28.158041],[153.484986,-28.157613],[153.485854,-28.157036],[153.531162,-28.17524],[153.531142,-28.175742],[153.534059,-28.176923],[153.534649,-28.177643],[153.535145,-28.176843],[153.536745,-28.174889],[153.539509,-28.172067],[153.541444,-28.168998],[153.552171,-28.164408],[153.55207,-28.164889],[153.551756,-28.1653],[159.3,-28.1653],[159.3,-37.6],[140.99,-37.6],[140.99,-28.9991]]]}}]}